Episode,MaxEpisodes,EpisodeReward,EpisodeSteps,AverageReward,StepCount,EpisodeQ0
1,5000,-5633.9,129,-5633.9,129,-0.07
2,5000,-11927.5,160,-8780.7,289,-0.09
3,5000,-306.64,42,-5956.01,331,-0.03
4,5000,-11463.89,195,-7332.98,526,-0.08
5,5000,-3454.1,96,-6557.2,622,-0.07
6,5000,-3553.45,117,-6056.58,739,-0.09
7,5000,-3970.86,69,-5758.62,808,-0.12
8,5000,-13439.72,322,-6718.76,1130,-0.11
9,5000,-7802.85,188,-6839.21,1318,-0.08
10,5000,-8787.57,126,-7034.05,1444,-0.11
11,5000,-5994.02,180,-7070.06,1624,-0.03
12,5000,-17807.83,472,-7658.09,2096,-0.03
13,5000,-11866.75,154,-8814.11,2250,-0.1
14,5000,-5970.26,110,-8264.74,2360,-0.11
15,5000,-7331.82,194,-8652.51,2554,-0.06
16,5000,-3896.27,112,-8686.8,2666,-0.09
17,5000,-7626.27,117,-9052.34,2783,-0.12
18,5000,-2840.6,66,-7992.42,2849,-0.11
19,5000,-1339.47,66,-7346.09,2915,-0.09
20,5000,-12981.51,197,-7765.48,3112,-0.1
21,5000,-860.5,94,-7252.13,3206,-0.04
22,5000,-5365.8,112,-6007.92,3318,-0.09
23,5000,-1670.51,145,-4988.3,3463,-0.02
24,5000,-5682.58,168,-4959.53,3631,-0.05
25,5000,-9407.16,224,-5167.07,3855,-0.05
26,5000,-70.87,72,-4784.53,3927,-0.02
27,5000,-7150.63,227,-4736.96,4154,-0.05
28,5000,-3638.92,118,-4816.8,4272,-0.07
29,5000,-6046.12,92,-5287.46,4364,-0.13
30,5000,-3891.78,89,-4378.49,4453,-0.11
31,5000,-7041.02,190,-4996.54,4643,-0.07
32,5000,-15593.15,196,-6019.27,4839,-0.1
33,5000,-4198.88,99,-6272.11,4938,-0.05
34,5000,-9690.27,240,-6672.88,5178,-0.05
35,5000,-4542.75,167,-6186.44,5345,-0.06
36,5000,-14202.3,164,-7599.58,5509,-0.13
37,5000,-1594.61,68,-7043.98,5577,-0.09
38,5000,-10971.54,193,-7777.24,5770,-0.09
39,5000,-1025.55,73,-7275.18,5843,-0.05
40,5000,-59.21,39,-6891.93,5882,-0.04
41,5000,-5742.43,131,-6762.07,6013,-0.08
42,5000,-4300.5,84,-5632.8,6097,-0.12
43,5000,-2061.6,141,-5419.08,6238,-0.03
44,5000,-3825.09,106,-4832.56,6344,-0.08
45,5000,-6149.01,132,-4993.18,6476,-0.08
46,5000,-11489.9,154,-4721.94,6630,-0.09
47,5000,-7196.1,128,-5282.09,6758,-124.65
48,5000,-65.09,85,-4191.45,6843,-6.24
49,5000,-13632.43,176,-5452.14,7019,-168.02
50,5000,-3344.25,138,-5780.64,7157,-30.3
51,5000,-4995.33,144,-5705.93,7301,-54.59
52,5000,-172.51,56,-5293.13,7357,-8.28
53,5000,-5532.79,145,-5640.25,7502,-10.96
54,5000,-1264.22,98,-5384.16,7600,-4.71
55,5000,-5226.43,103,-5291.91,7703,-64.2
56,5000,-797.08,39,-4222.62,7742,-112.44
57,5000,-1023.82,30,-3605.4,7772,-157
58,5000,-81.88,19,-3607.07,7791,-5.57
59,5000,-917.11,39,-2335.54,7830,-51.28
60,5000,-1113.88,28,-2112.5,7858,-179.85
61,5000,-764.21,35,-1689.39,7893,-5.67
62,5000,-1002.7,33,-1772.41,7926,-118.76
63,5000,-515.2,31,-1270.65,7957,-5.42
64,5000,-177.04,21,-1161.93,7978,-17.36
65,5000,-584.16,33,-697.71,8011,-20.37
66,5000,-872.27,38,-705.23,8049,-37.67
67,5000,-1330.6,43,-735.9,8092,-63.69
68,5000,-757.07,32,-803.42,8124,-74.05
69,5000,-1050.77,37,-816.79,8161,-110.48
70,5000,-334.62,26,-738.86,8187,-15.39
71,5000,-696.98,34,-732.14,8221,-6.42
72,5000,-44.99,20,-636.37,8241,-18.69
73,5000,-410.46,28,-625.89,8269,-14.79
74,5000,-192.04,26,-627.39,8295,-5.7
75,5000,-733.58,36,-642.34,8331,-5.44
76,5000,-332.19,30,-588.33,8361,-77.65
77,5000,-502.54,39,-505.52,8400,-79.31
78,5000,-662.9,34,-496.11,8434,-5.53
79,5000,-497.92,28,-440.82,8462,-97.63
80,5000,-1214.32,41,-528.79,8503,-5.79
81,5000,-1359.19,49,-595.01,8552,-140.29
82,5000,-158.29,29,-606.34,8581,-16.48
83,5000,-231.17,24,-588.41,8605,-61.44
84,5000,-1049.28,33,-674.14,8638,-129.62
85,5000,-520.64,30,-652.84,8668,-36.11
86,5000,-50.06,20,-624.63,8688,-21.91
87,5000,-1006.51,38,-675.03,8726,-161.7
88,5000,-492.13,40,-657.95,8766,-226.6
89,5000,-1340.68,45,-742.23,8811,-100.51
90,5000,-1246.12,42,-745.41,8853,-39.84
91,5000,-1619.6,47,-771.45,8900,-220.46
92,5000,-510.05,33,-806.62,8933,-19.64
93,5000,-1667.61,45,-950.27,8978,-348.98
94,5000,-209.93,28,-866.33,9006,-23.61
95,5000,-91.71,23,-823.44,9029,-114.14
96,5000,-1010.67,39,-919.5,9068,-152.44
97,5000,-557.59,42,-874.61,9110,-223.82
98,5000,-1830.5,45,-1008.44,9155,-469.21
99,5000,-627.62,41,-937.14,9196,-223.7
100,5000,-273.03,27,-839.83,9223,-173.07
101,5000,-388.62,29,-716.73,9252,-19.76
102,5000,-686.84,33,-734.41,9285,-23.98
103,5000,-1567.45,44,-724.4,9329,-387.01
104,5000,-819.06,36,-785.31,9365,-120.61
105,5000,-430.27,41,-819.17,9406,-185.76
106,5000,-1270.65,34,-845.16,9440,-491.75
107,5000,-983.77,40,-887.78,9480,-17.74
108,5000,-678.63,32,-772.6,9512,-155.5
109,5000,-1648.13,44,-874.65,9556,-450.1
110,5000,-1163.91,30,-963.73,9586,-446.95
111,5000,-1552.58,45,-1080.13,9631,-252.71
112,5000,-113.49,30,-1022.79,9661,-115.03
113,5000,-405.15,32,-906.56,9693,-16.81
114,5000,-846.96,27,-909.35,9720,-389.8
115,5000,-1436.56,40,-1009.98,9760,-385.59
116,5000,-59.97,23,-888.92,9783,-72.99
117,5000,-98.12,26,-800.35,9809,-109.67
118,5000,-437.88,33,-776.27,9842,-34.19
119,5000,-60.86,24,-617.55,9866,-68.73
120,5000,-218.85,32,-523.04,9898,-60.45
121,5000,-1164.53,40,-484.24,9938,-55.04
122,5000,-427.87,38,-515.68,9976,-206.62
123,5000,-1534.98,43,-628.66,10019,-338.62
124,5000,-84.98,26,-552.46,10045,-92.18
125,5000,-52.45,20,-414.05,10065,-56.81
126,5000,-172.72,24,-425.32,10089,-19.26
127,5000,-1386.07,41,-554.12,10130,-616.33
128,5000,-1174.87,40,-627.82,10170,-436.31
129,5000,-1272.37,41,-748.97,10211,-181.14
130,5000,-921.62,40,-819.25,10251,-33.81
131,5000,-334.38,29,-736.23,10280,-55.28
132,5000,-667.81,34,-760.22,10314,-103.31
133,5000,-1004.91,34,-707.22,10348,-735.62
134,5000,-411.04,35,-739.82,10383,-345.08
135,5000,-1181.98,41,-852.78,10424,-197.32
136,5000,-128.8,23,-848.39,10447,-39.34
137,5000,-766.3,44,-786.41,10491,-477.16
138,5000,-1334.32,43,-802.35,10534,-369.59
139,5000,-843.63,34,-759.48,10568,-188.46
140,5000,-55.81,23,-672.9,10591,-118.26
141,5000,-191.25,32,-658.59,10623,-304.76
142,5000,-497.08,32,-641.51,10655,-49.25
143,5000,-1438.88,38,-684.91,10693,-757.75
144,5000,-1252.43,41,-769.05,10734,-136.34
145,5000,-942.62,29,-745.11,10763,-645.43
146,5000,-332.21,26,-765.45,10789,-116.78
147,5000,-108.88,24,-699.71,10813,-66.59
148,5000,-554.88,29,-621.77,10842,-264.71
149,5000,-545.19,28,-591.92,10870,-356.57
150,5000,-303.66,24,-616.71,10894,-399.62
151,5000,-314.15,31,-629,10925,-341.06
152,5000,-958.38,38,-675.13,10963,-34.36
153,5000,-892.35,36,-620.48,10999,-57.17
154,5000,-1466.58,43,-641.89,11042,-570.04
155,5000,-85.06,24,-556.14,11066,-186.08
156,5000,-130.86,31,-536,11097,-187.17
157,5000,-1458.51,45,-670.96,11142,-237.21
158,5000,-78.78,19,-623.35,11161,-49.15
159,5000,-255.9,33,-594.42,11194,-306.9
160,5000,-82.37,20,-572.29,11214,-51.29
161,5000,-1755.15,44,-716.39,11258,-767.14
162,5000,-638.47,32,-684.4,11290,-249.43
163,5000,-796.33,35,-674.8,11325,-207.06
164,5000,-61.6,20,-534.3,11345,-154.08
165,5000,-1261.23,46,-651.92,11391,-643.33
166,5000,-1037.73,45,-742.61,11436,-904.29
167,5000,-932.96,36,-690.05,11472,-390.38
168,5000,-930.64,36,-775.24,11508,-468.99
169,5000,-143.79,31,-764.03,11539,-272.01
170,5000,-1064.88,42,-862.28,11581,-70.09
171,5000,-1042.24,31,-790.99,11612,-1153.66
172,5000,-1645.44,49,-891.68,11661,-653.12
173,5000,-2688.77,68,-1080.93,11729,-930.28
174,5000,-3558.77,67,-1430.65,11796,-363.56
175,5000,-57.17,24,-1310.24,11820,-216.24
176,5000,-1660.99,45,-1372.57,11865,-982.18
177,5000,-1384.4,56,-1417.71,11921,-686.12
178,5000,-3167.05,95,-1641.35,12016,-453.38
179,5000,-2013.67,53,-1828.34,12069,-1144.56
180,5000,-572.22,29,-1779.07,12098,-738.14
181,5000,-2533.31,80,-1928.18,12178,-564.63
182,5000,-2325.17,70,-1996.15,12248,-457.48
183,5000,-621.82,30,-1789.46,12278,-556.08
184,5000,-365.12,26,-1470.09,12304,-590.43
185,5000,-1509.88,38,-1615.36,12342,-1308.18
186,5000,-75.95,26,-1456.86,12368,-184.52
187,5000,-1557.95,41,-1474.21,12409,-1224.04
188,5000,-2714.08,70,-1428.92,12479,-758.17
189,5000,-2104.35,70,-1437.99,12549,-790.82
190,5000,-1718.52,80,-1552.62,12629,-60.04
191,5000,-2863.09,68,-1585.59,12697,-498.64
192,5000,-1806.98,49,-1533.78,12746,-711.19
193,5000,-3309.16,87,-1802.51,12833,-42.84
194,5000,-1713.85,46,-1937.38,12879,-882.57
195,5000,-2511.25,81,-2037.52,12960,-466.27
196,5000,-659.45,29,-2095.87,12989,-690.08
197,5000,-1269.66,40,-2067.04,13029,-1016.99
198,5000,-3326.71,99,-2128.3,13128,-132.06
199,5000,-1596.06,70,-2077.47,13198,-306.73
200,5000,-1716.49,44,-2077.27,13242,-988.47
201,5000,-2948.53,74,-2085.81,13316,-58.45
202,5000,-1374.45,42,-2042.56,13358,-1110.95
203,5000,-3926.01,74,-2104.25,13432,-585.67
204,5000,-3197.32,85,-2252.59,13517,-103.44
205,5000,-2222.35,53,-2223.7,13570,-1395.65
206,5000,-3920.81,90,-2549.84,13660,-128.63
207,5000,-2507.91,86,-2673.67,13746,-635.45
208,5000,-1809.66,71,-2521.96,13817,-127.89
209,5000,-3199.13,65,-2682.27,13882,-223.17
210,5000,-1984.44,76,-2709.06,13958,-481.57
211,5000,-1393.6,83,-2553.57,14041,-76.71
212,5000,-2603.83,71,-2676.51,14112,-624.57
213,5000,-1229.99,36,-2406.9,14148,-1574.2
214,5000,-3077.17,90,-2394.89,14238,-887.4
215,5000,-2552.76,94,-2427.93,14332,-389.42
216,5000,-57.68,34,-2041.62,14366,-66.27
217,5000,-1927.17,76,-1983.54,14442,-439.34
218,5000,-1565.79,81,-1959.16,14523,-94.79
219,5000,-1805.24,99,-1819.77,14622,-101.43
220,5000,-2346.03,73,-1855.93,14695,-985.05
221,5000,-38.17,31,-1720.38,14726,-72.24
222,5000,-1306.54,35,-1590.66,14761,-1609.1
223,5000,-1356.39,46,-1603.3,14807,-1341.41
224,5000,-2678.13,68,-1563.39,14875,-787.91
225,5000,-766.12,30,-1384.73,14905,-933.08
226,5000,-161.62,44,-1395.12,14949,-423.12
227,5000,-3658.93,90,-1568.3,15039,-559.83
228,5000,-1731.87,51,-1584.91,15090,-659.02
229,5000,-1403.78,85,-1544.76,15175,-241.22
230,5000,-3406.73,73,-1650.83,15248,-534
231,5000,-3466.67,67,-1993.68,15315,-766.91
232,5000,-3239.84,101,-2187.01,15416,-133.98
233,5000,-3729.34,92,-2424.3,15508,-986.52
234,5000,-3629.19,75,-2519.41,15583,-650.72
235,5000,-2896.96,126,-2732.49,15709,-101.49
236,5000,-308.59,77,-2747.19,15786,-64.75
237,5000,-1840.46,47,-2565.34,15833,-612.34
238,5000,-89.97,57,-2401.15,15890,-70.94
239,5000,-506.81,31,-2311.46,15921,-504.96
240,5000,-751.06,31,-2045.89,15952,-792.5
241,5000,-1701.71,43,-1869.39,15995,-1606.44
242,5000,-1939.32,76,-1739.34,16071,-554.2
243,5000,-302.17,25,-1396.62,16096,-455.47
244,5000,-1647.65,49,-1198.47,16145,-318.69
245,5000,-535.4,96,-962.31,16241,-143.65
246,5000,-3710.6,98,-1302.51,16339,-876.57
247,5000,-2400.84,70,-1358.55,16409,-1265.18
248,5000,-1593.33,43,-1508.89,16452,-1738.92
249,5000,-194.53,39,-1477.66,16491,-576.29
250,5000,-422.02,121,-1444.76,16612,-168.53
251,5000,-1124.87,96,-1387.07,16708,-160.27
252,5000,-67.22,76,-1199.86,16784,-99.99
253,5000,-424.4,74,-1212.09,16858,-144.61
254,5000,-1651.75,46,-1212.5,16904,-963.51
255,5000,-1568.67,44,-1315.82,16948,-1503.31
256,5000,-1961.21,92,-1140.88,17040,-200.34
257,5000,-1076.77,104,-1008.48,17144,-176.72
258,5000,-925.49,53,-941.69,17197,-366.07
259,5000,-578.66,111,-980.11,17308,-234.2
260,5000,-1902.64,121,-1128.17,17429,-435.74
261,5000,-136.91,75,-1029.37,17504,-143.24
262,5000,-1760.12,45,-1198.66,17549,-912.89
263,5000,-483.42,93,-1204.56,17642,-219.18
264,5000,-813.33,29,-1120.72,17671,-477.48
265,5000,-422.22,39,-1006.08,17710,-1014.21
266,5000,-1595.23,46,-969.48,17756,-1756.45
267,5000,-1049.81,39,-966.78,17795,-1636.6
268,5000,-593.86,36,-933.62,17831,-1116.67
269,5000,-1640.97,47,-1039.85,17878,-1074.44
270,5000,-1039.56,37,-953.54,17915,-1258.65
271,5000,-1173.73,40,-1057.22,17955,-1381.45
272,5000,-1061.58,102,-987.37,18057,-592.82
273,5000,-919.65,82,-1030.99,18139,-146.46
274,5000,-446.5,42,-994.31,18181,-1016.22
275,5000,-1649.27,49,-1117.01,18230,-753.16
276,5000,-1258.81,79,-1083.37,18309,-603.9
277,5000,-1429.78,46,-1121.37,18355,-1165.56
278,5000,-870.9,37,-1149.07,18392,-1150.84
279,5000,-193.68,57,-1004.34,18449,-158.92
280,5000,-1668.87,45,-1067.28,18494,-955.08
281,5000,-304.65,52,-980.37,18546,-819.24
282,5000,-1700.08,47,-1044.22,18593,-533.71
283,5000,-2190.39,150,-1171.29,18743,-172.23
284,5000,-1249.18,48,-1251.56,18791,-573.1
285,5000,-311.5,33,-1117.79,18824,-598.44
286,5000,-1753.29,47,-1167.23,18871,-1745.88
287,5000,-1305.86,107,-1154.84,18978,-442.61
288,5000,-2126.1,134,-1280.36,19112,-330.45
289,5000,-1814.99,46,-1442.49,19158,-714.3
290,5000,-341.43,38,-1309.75,19196,-723.38
291,5000,-1657.98,45,-1445.08,19241,-1470.36
292,5000,-183.65,27,-1293.44,19268,-378.47
293,5000,-1600.57,38,-1234.46,19306,-2100.06
294,5000,-61.08,20,-1115.65,19326,-177.56
295,5000,-1407.51,50,-1225.25,19376,-1450.28
296,5000,-1099.46,34,-1159.86,19410,-1401.7
297,5000,-124.17,48,-1041.69,19458,-68.3
298,5000,-556.66,55,-884.75,19513,-811.31
299,5000,-1094.02,29,-812.65,19542,-718.05
300,5000,-1606.12,111,-939.12,19653,-523.43
301,5000,-1570.69,41,-930.39,19694,-2576.14
302,5000,-868.93,102,-998.92,19796,-327.53
303,5000,-1673.13,125,-1006.18,19921,-189.5
304,5000,-1570.3,47,-1157.1,19968,-1811.27
305,5000,-957.11,30,-1112.06,19998,-932.77
306,5000,-697.31,45,-1071.84,20043,-490.62
307,5000,-1446.42,105,-1204.07,20148,-631.91
308,5000,-1874.97,78,-1335.9,20226,-634.43
309,5000,-841.76,31,-1310.67,20257,-859.15
310,5000,-414.43,34,-1191.5,20291,-801.23
311,5000,-1143.68,42,-1148.8,20333,-1575.67
312,5000,-1503,44,-1212.21,20377,-658.27
313,5000,-1213.05,34,-1166.2,20411,-1336.97
314,5000,-733.89,33,-1082.56,20444,-681.45
315,5000,-1617.13,44,-1148.56,20488,-2403.24
316,5000,-683.68,37,-1147.2,20525,-710.07
317,5000,-1551.8,37,-1157.74,20562,-2440.73
318,5000,-931.81,38,-1063.42,20600,-1386.99
319,5000,-1642.39,61,-1143.48,20661,-672.54
320,5000,-1185.94,48,-1220.64,20709,-1278.44
321,5000,-2210.26,130,-1327.29,20839,-99.19
322,5000,-638.15,58,-1240.81,20897,-1507.07
323,5000,-1696.65,180,-1289.17,21077,-218.81
324,5000,-2280.38,107,-1443.82,21184,-842.22
325,5000,-1876.51,82,-1469.76,21266,-149.23
326,5000,-177.24,45,-1419.11,21311,-539.87
327,5000,-1074.75,109,-1371.41,21420,-193.31
328,5000,-681.38,28,-1346.37,21448,-630.75
329,5000,-799.33,35,-1262.06,21483,-969.38
330,5000,-472.33,38,-1190.7,21521,-1717.51
331,5000,-502.48,41,-1019.92,21562,-1028.63
332,5000,-841.67,29,-1040.27,21591,-653.18
333,5000,-1237.85,105,-994.39,21696,-502.69
334,5000,-417.75,68,-808.13,21764,-580.27
335,5000,-327.29,41,-653.21,21805,-621.69
336,5000,-1091.51,39,-744.63,21844,-2285.15
337,5000,-1880.61,83,-825.22,21927,-257.94
338,5000,-690.42,37,-826.12,21964,-616.08
339,5000,-1402.59,86,-886.45,22050,-273.86
340,5000,-1557.25,47,-994.94,22097,-1521.31
341,5000,-1380.98,77,-1082.79,22174,-289
342,5000,-950.31,33,-1093.65,22207,-1069.9
343,5000,-1734.47,74,-1143.32,22281,-745.25
344,5000,-1054.84,36,-1207.03,22317,-1169.36
345,5000,-2702.74,78,-1444.57,22395,-163.68
346,5000,-1628.23,47,-1498.24,22442,-869.14
347,5000,-1185.62,31,-1428.75,22473,-814.77
348,5000,-1217.25,51,-1481.43,22524,-941.57
349,5000,-1802.07,48,-1521.38,22572,-696.44
350,5000,-1503.72,47,-1516.02,22619,-451.92
351,5000,-36.33,18,-1381.56,22637,-158.24
352,5000,-551.3,60,-1341.66,22697,-1422
353,5000,-1639.52,45,-1332.16,22742,-768.36
354,5000,-239.46,23,-1250.63,22765,-283.08
355,5000,-1532.41,42,-1133.59,22807,-1874.44
356,5000,-961.26,35,-1066.9,22842,-1367.11
357,5000,-412.01,46,-989.53,22888,-223.32
358,5000,-2185.73,105,-1086.38,22993,-12.01
359,5000,-2737.74,139,-1179.95,23132,-166.94
360,5000,-1685.42,44,-1198.12,23176,-784.19
361,5000,-894.79,26,-1283.97,23202,-562.2
362,5000,-2033.36,107,-1432.17,23309,-396.48
363,5000,-2324.35,85,-1500.65,23394,-395.11
364,5000,-1732.45,70,-1649.95,23464,-598.61
365,5000,-2002.34,131,-1696.95,23595,-378.6
366,5000,-165.05,54,-1617.33,23649,-599.71
367,5000,-805.44,33,-1656.67,23682,-938.72
368,5000,-1633.79,46,-1601.47,23728,-534.68
369,5000,-3075.04,95,-1635.2,23823,-283.66
370,5000,-152.63,32,-1481.92,23855,-300.21
371,5000,-882.63,47,-1480.71,23902,-1812.47
372,5000,-1236.56,50,-1401.03,23952,-1012.87
373,5000,-851.95,38,-1253.79,23990,-653.85
374,5000,-2941.16,74,-1374.66,24064,-562.95
375,5000,-3038.94,72,-1478.32,24136,-100.16
376,5000,-1003.11,91,-1562.12,24227,-714.57
377,5000,-1189.25,47,-1600.51,24274,-1964.94
378,5000,-1553.49,52,-1592.48,24326,-632.32
379,5000,-2498.05,84,-1534.78,24410,-564.63
380,5000,-1121.39,89,-1631.65,24499,-506.78
381,5000,-929.24,27,-1636.31,24526,-532.59
382,5000,-1257.39,42,-1638.4,24568,-2198.12
383,5000,-1500.8,50,-1703.28,24618,-1263.71
384,5000,-493.94,40,-1458.56,24658,-755.04
385,5000,-533.82,47,-1208.05,24705,-417.32
386,5000,-429.01,118,-1150.64,24823,-929.36
387,5000,-1239.81,44,-1155.69,24867,-1049.81
388,5000,-245.37,69,-1024.88,24936,-272.48
389,5000,-363.74,66,-811.45,25002,-370.65
390,5000,-1556.79,84,-854.99,25086,-299.4
391,5000,-2438.81,81,-1005.95,25167,-52.83
392,5000,-994.89,49,-979.7,25216,-1262.75
393,5000,-1710.42,46,-1000.66,25262,-675.88
394,5000,-1648.93,85,-1116.16,25347,-237.58
395,5000,-1076.77,104,-1170.45,25451,-152.06
396,5000,-1996,52,-1327.15,25503,-852.08
397,5000,-799.38,41,-1283.11,25544,-625.73
398,5000,-930.59,43,-1351.63,25587,-1574.57
399,5000,-1187.76,59,-1434.03,25646,-1036.2
400,5000,-2431.12,87,-1521.47,25733,-225
401,5000,-1665.37,58,-1444.12,25791,-820.7
402,5000,-1138.89,44,-1458.52,25835,-1652.87
403,5000,-1195.78,76,-1407.06,25911,-277.6
404,5000,-1759.24,71,-1418.09,25982,-536.82
405,5000,-1443.04,47,-1454.72,26029,-2332.29
406,5000,-1611.54,149,-1416.27,26178,-158.28
407,5000,-1173.04,65,-1453.64,26243,-943.24
408,5000,-746.7,39,-1435.25,26282,-872.64
409,5000,-1454.98,116,-1461.97,26398,-398.39
410,5000,-1522.43,150,-1371.1,26548,-243.55
411,5000,-1836.21,62,-1388.18,26610,-773.44
412,5000,-1658.15,107,-1440.11,26717,-909.13
413,5000,-686.97,63,-1389.23,26780,-634.6
414,5000,-2063.3,83,-1419.64,26863,-449.92
415,5000,-1061.39,60,-1381.47,26923,-1341.34
416,5000,-139.76,24,-1234.29,26947,-459.83
417,5000,-937.59,43,-1210.75,26990,-876.27
418,5000,-2578.1,87,-1393.89,27077,-464.51
419,5000,-91.54,23,-1257.54,27100,-337.98
420,5000,-863.67,32,-1191.67,27132,-874.81
421,5000,-231.19,42,-1031.17,27174,-606.29
422,5000,-1074.19,35,-972.77,27209,-854.1
423,5000,-592,79,-963.27,27288,-346.61
424,5000,-1564.26,43,-913.37,27331,-1029.76
425,5000,-1395.84,64,-946.81,27395,-1894.45
426,5000,-1621.3,39,-1094.97,27434,-2269.97
427,5000,-1112.56,69,-1112.46,27503,-1021.1
428,5000,-1178.49,49,-972.5,27552,-1135.46
429,5000,-1108.29,33,-1074.18,27585,-941.37
430,5000,-969.55,65,-1084.77,27650,-540.77
431,5000,-996.41,97,-1161.29,27747,-1108.05
432,5000,-902.71,36,-1144.14,27783,-1139.04
433,5000,-1034.35,52,-1188.38,27835,-1050.82
434,5000,-1669.31,68,-1198.88,27903,-1952.67
435,5000,-1713,59,-1230.6,27962,-1346.06
436,5000,-1188.22,30,-1187.29,27992,-762.99
437,5000,-1055.32,31,-1181.57,28023,-890.5
438,5000,-1532.22,41,-1216.94,28064,-2225.58
439,5000,-2325.44,79,-1338.65,28143,-212.17
440,5000,-1559.1,45,-1397.61,28188,-841.68
441,5000,-2756.89,98,-1573.66,28286,-527.78
442,5000,-3190.38,101,-1802.42,28387,-503.08
443,5000,-752.95,57,-1774.28,28444,-458.53
444,5000,-2593.93,68,-1866.75,28512,-1801.54
445,5000,-1613.88,50,-1856.83,28562,-865.91
446,5000,-2859.18,97,-2023.93,28659,-476.33
447,5000,-2228.38,63,-2141.24,28722,-1092.96
448,5000,-85.56,21,-1996.57,28743,-298.56
449,5000,-2158.36,113,-1979.86,28856,-281.8
450,5000,-2169.42,78,-2040.89,28934,-1325.98
451,5000,-1677.98,49,-1933,28983,-759.84
452,5000,-1953.85,50,-1809.35,29033,-596.55
453,5000,-2159.71,70,-1950.03,29103,-1162.11
454,5000,-1815.65,45,-1872.2,29148,-712.04
455,5000,-844.71,32,-1795.28,29180,-775.92
456,5000,-2951.2,84,-1804.48,29264,-2082.47
457,5000,-408.04,32,-1622.45,29296,-820.9
458,5000,-618.36,28,-1675.73,29324,-681.22
459,5000,-648.54,32,-1524.75,29356,-939.29
460,5000,-2969.51,69,-1604.75,29425,-384.98
461,5000,-3466.47,68,-1783.6,29493,-1642.47
462,5000,-3001.12,67,-1888.33,29560,-637.88
463,5000,-2421.11,88,-1914.47,29648,-231.93
464,5000,-849.64,30,-1817.87,29678,-663.36
465,5000,-885.87,69,-1821.98,29747,-754.95
466,5000,-3173.88,106,-1844.25,29853,-351.88
467,5000,-3491.19,78,-2152.57,29931,-2116.72
468,5000,-3532.67,89,-2444,30020,-671.24
469,5000,-362.18,23,-2415.36,30043,-464.7
470,5000,-3520.8,84,-2470.49,30127,-870.92
471,5000,-1624.78,40,-2286.32,30167,-2357.54
472,5000,-533.12,29,-2039.52,30196,-772.94
473,5000,-1471.76,40,-1944.59,30236,-2196.38
474,5000,-1939.37,82,-2053.56,30318,-767.37
475,5000,-1725.67,56,-2137.54,30374,-599.11
476,5000,-3047.94,67,-2124.95,30441,-1654.94
477,5000,-3142.62,109,-2090.09,30550,-264.71
478,5000,-899.31,108,-1826.75,30658,-520.44
479,5000,-477.37,40,-1838.27,30698,-285.13
480,5000,-1918.75,53,-1678.07,30751,-447.41
481,5000,-3201.69,88,-1835.76,30839,-1197.66
482,5000,-1425.64,91,-1925.01,30930,-326.41
483,5000,-1209.17,32,-1898.75,30962,-1015.42
484,5000,-104.47,21,-1715.26,30983,-471.12
485,5000,-522.01,29,-1594.9,31012,-628.97
486,5000,-86.45,19,-1298.75,31031,-137.19
487,5000,-2246.5,61,-1209.14,31092,-1237.54
488,5000,-2535.91,90,-1372.8,31182,-1027.42
489,5000,-3909.24,127,-1715.98,31309,-415.49
490,5000,-3318.81,87,-1855.99,31396,-206.09
491,5000,-1162.75,70,-1652.1,31466,-307.06
492,5000,-186.38,22,-1528.17,31488,-221.27
493,5000,-106.42,20,-1417.9,31508,-147.55
494,5000,-2742.32,89,-1681.68,31597,-946.05
495,5000,-3604.98,114,-1989.98,31711,-812.42
496,5000,-2121.76,56,-2193.51,31767,-1908.65
497,5000,-3205.13,93,-2289.37,31860,-1651.42
498,5000,-2214.46,66,-2257.23,31926,-2364.22
499,5000,-2334.45,62,-2099.75,31988,-434.4
500,5000,-822.01,30,-1850.07,32018,-756.44
501,5000,-2911.69,85,-2024.96,32103,-1364.91
502,5000,-1369.97,35,-2143.32,32138,-1196.91
503,5000,-380.92,28,-2170.77,32166,-522.06
504,5000,-3722.47,70,-2268.78,32236,-1527.14
505,5000,-2569.31,87,-2165.22,32323,-1480.65
506,5000,-2582.39,73,-2211.28,32396,-197.53
507,5000,-2515.76,127,-2142.34,32523,-245.16
508,5000,-2295.4,114,-2150.44,32637,-496.12
509,5000,-1887,74,-2105.69,32711,-596.27
510,5000,-2851.89,113,-2308.68,32824,-409.24
511,5000,-631.9,32,-2080.7,32856,-873.51
512,5000,-75.51,26,-1951.26,32882,-615.67
513,5000,-3743.14,98,-2287.48,32980,-961.82
514,5000,-601.79,29,-1975.41,33009,-769.88
515,5000,-268.69,59,-1745.35,33068,-355.4
516,5000,-108.7,22,-1497.98,33090,-497.86
517,5000,-2483.53,72,-1494.75,33162,-1218.98
518,5000,-994.83,33,-1364.7,33195,-981.08
519,5000,-601.99,27,-1236.2,33222,-607.08
520,5000,-1678.1,41,-1118.82,33263,-2455.83
521,5000,-1443.35,44,-1199.96,33307,-1718.93
522,5000,-3179.49,95,-1510.36,33402,-1055.09
523,5000,-3509.56,75,-1487,33477,-1576.7
524,5000,-2821.01,65,-1708.92,33542,-155.01
525,5000,-101.01,29,-1692.16,33571,-238.5
526,5000,-34.76,18,-1684.76,33589,-198.97
527,5000,-395.57,28,-1475.97,33617,-609.99
528,5000,-210.73,24,-1397.56,33641,-309.86
529,5000,-358.81,25,-1373.24,33666,-331.64
530,5000,-713.38,30,-1276.77,33696,-677.61
531,5000,-2608.79,77,-1393.31,33773,-1679.47
532,5000,-1074.99,53,-1182.86,33826,-131.53
533,5000,-604.8,31,-892.38,33857,-952.15
534,5000,-878.97,29,-698.18,33886,-640.29
535,5000,-2389.75,85,-927.05,33971,-864.49
536,5000,-1717.52,50,-1095.33,34021,-507.06
537,5000,-3170.65,83,-1372.84,34104,-595.32
538,5000,-2165.65,83,-1568.33,34187,-1318.51
539,5000,-1788.95,67,-1711.34,34254,-1174.09
540,5000,-3126.56,93,-1952.66,34347,-1252.88
541,5000,-3553.32,72,-2047.12,34419,-1785.39
542,5000,-1534.52,39,-2093.07,34458,-1822.41
543,5000,-1600.2,44,-2192.61,34502,-2437.26
544,5000,-2265.42,89,-2331.25,34591,-685.53
545,5000,-3404.69,92,-2432.75,34683,-1145.92
546,5000,-1606.23,47,-2421.62,34730,-893.47
547,5000,-2621.69,84,-2366.72,34814,-1302.99
548,5000,-89.25,22,-2159.08,34836,-660.43
549,5000,-3010.36,67,-2281.23,34903,-460.9
550,5000,-2118.66,66,-2180.44,34969,-1428.36
551,5000,-503.37,27,-1875.44,34996,-566.37
552,5000,-2939.35,105,-2015.92,35101,-307.45
553,5000,-3346.68,71,-2190.57,35172,-2231
554,5000,-1851.69,45,-2149.2,35217,-1852.51
555,5000,-1472.14,56,-1955.94,35273,-691.39
556,5000,-2104.76,57,-2005.8,35330,-1153.87
557,5000,-3298.63,76,-2073.49,35406,-1606.46
558,5000,-84.16,21,-2072.98,35427,-588.4
559,5000,-2496.06,90,-2021.55,35517,-813.72
560,5000,-3049.19,91,-2114.6,35608,-786.31
561,5000,-1754.88,47,-2239.75,35655,-1048.07
562,5000,-3436.22,89,-2289.44,35744,-429.64
563,5000,-1523.7,62,-2107.14,35806,-2175.2
564,5000,-62.28,23,-1928.2,35829,-422.77
565,5000,-393.88,26,-1820.38,35855,-534.11
566,5000,-3017.77,65,-1911.68,35920,-336.05
567,5000,-1564.01,43,-1738.21,35963,-2548.81
568,5000,-3231.41,70,-2052.94,36033,-1321.36
569,5000,-3545.07,69,-2157.84,36102,-1685.4
570,5000,-1711.94,48,-2024.12,36150,-902.35
571,5000,-1758.43,44,-2024.47,36194,-1181.04
572,5000,-2690.47,92,-1949.89,36286,-1356.77
573,5000,-1527.69,79,-1950.29,36365,-637.98
574,5000,-64.93,25,-1950.56,36390,-369.83
575,5000,-1268.88,38,-2038.06,36428,-2348.66
576,5000,-2961.57,76,-2032.44,36504,-823.47
577,5000,-2935.07,92,-2169.55,36596,-408.99
578,5000,-1945.04,70,-2040.91,36666,-1484.65
579,5000,-199.02,22,-1706.3,36688,-487.23
580,5000,-2844.31,93,-1819.54,36781,-461.68
581,5000,-745.05,30,-1718.2,36811,-636.52
582,5000,-1160.33,35,-1565.19,36846,-1528.51
583,5000,-2095.37,74,-1621.96,36920,-1203.41
584,5000,-994.82,44,-1714.95,36964,-1379.36
585,5000,-3431.32,98,-1931.19,37062,-600.38
586,5000,-4601.33,156,-2095.17,37218,-321.89
587,5000,-1656.99,72,-1967.36,37290,-2245.3
588,5000,-119.4,19,-1784.79,37309,-154.01
589,5000,-3301.47,65,-2095.04,37374,-1231.51
590,5000,-3984.28,114,-2209.04,37488,-195.02
591,5000,-3068.92,70,-2441.42,37558,-1154.27
592,5000,-1298.45,38,-2455.23,37596,-1447.79
593,5000,-1194.04,36,-2365.1,37632,-1667.05
594,5000,-1081.54,32,-2373.77,37664,-953.77
595,5000,-1901.61,47,-2220.8,37711,-643.87
596,5000,-1537.16,53,-1914.39,37764,-636.69
597,5000,-1440.33,49,-1892.72,37813,-1562.33
598,5000,-64.45,20,-1887.22,37833,-41.36
599,5000,-1786.56,141,-1735.73,37974,-137.67
600,5000,-1678.02,55,-1505.11,38029,-575.35
601,5000,-2801.39,88,-1478.35,38117,-490.33
602,5000,-1345.84,48,-1483.09,38165,-971.64
603,5000,-886.61,35,-1452.35,38200,-905.15
604,5000,-826.44,34,-1426.84,38234,-657.13
605,5000,-40.34,19,-1240.71,38253,-288.26
606,5000,-1897.41,53,-1276.74,38306,-285.08
607,5000,-57.58,19,-1138.47,38325,-158.77
608,5000,-1355.36,50,-1267.56,38375,-2317.29
609,5000,-481.26,90,-1137.03,38465,-943.56
610,5000,-916.71,45,-1060.9,38510,-1667.05
611,5000,-1776.57,47,-958.41,38557,-590.82
612,5000,-1487.54,46,-972.58,38603,-306.55
613,5000,-2955.05,90,-1179.43,38693,-232.86
614,5000,-2505.02,79,-1347.28,38772,-354.83
615,5000,-1975.87,51,-1540.84,38823,-1850.19
616,5000,-226.06,67,-1373.7,38890,-319.32
617,5000,-947.73,32,-1462.72,38922,-853.54
618,5000,-603.28,49,-1387.51,38971,-1747.41
619,5000,-1992.79,56,-1538.66,39027,-1377.64
620,5000,-1256.22,58,-1572.61,39085,-125.89
621,5000,-87.64,40,-1403.72,39125,-657.06
622,5000,-46.45,20,-1259.61,39145,-136.79
623,5000,-2384.39,93,-1202.54,39238,-322.85
624,5000,-565.58,29,-1008.6,39267,-556.43
625,5000,-161.18,72,-827.13,39339,-232.17
626,5000,-3118.7,72,-1116.4,39411,-410.97
627,5000,-1928.86,51,-1214.51,39462,-2302.8
628,5000,-1927.09,53,-1346.89,39515,-745.82
629,5000,-121.7,59,-1159.78,39574,-1105.79
630,5000,-391.1,25,-1073.27,39599,-478.18
631,5000,-349.58,61,-1099.46,39660,-488.03
632,5000,-1261.51,47,-1220.97,39707,-778
633,5000,-279.42,71,-1010.47,39778,-197.61
634,5000,-1887.44,87,-1142.66,39865,-268.5
635,5000,-749.01,31,-1201.44,39896,-728.45
636,5000,-1315.95,118,-1021.17,40014,-126.52
637,5000,-842.82,42,-912.56,40056,-1601.34
638,5000,-2006.69,51,-920.52,40107,-1691.38
639,5000,-58.08,19,-914.16,40126,-211.1
640,5000,-79.04,23,-882.95,40149,-311.98
641,5000,-926.31,46,-940.63,40195,-1241.81
642,5000,-1527.84,43,-967.26,40238,-2202.47
643,5000,-422.72,33,-981.59,40271,-1326.13
644,5000,-1126.29,39,-905.48,40310,-1108.51
645,5000,-2149.65,55,-1045.54,40365,-1366.85
646,5000,-1044.41,38,-1018.39,40403,-1589.18
647,5000,-75.88,20,-941.69,40423,-89.98
648,5000,-688.69,34,-809.89,40457,-525.35
649,5000,-1692.77,52,-973.36,40509,-176.39
650,5000,-1443.73,38,-1109.83,40547,-1015.86
651,5000,-123.37,33,-1029.54,40580,-488.47
652,5000,-1988.82,117,-1075.63,40697,-93.35
653,5000,-2899.43,60,-1323.3,40757,-320.16
654,5000,-177.12,39,-1228.39,40796,-1543.12
655,5000,-1751.98,50,-1188.62,40846,-355.31
656,5000,-611.71,46,-1145.35,40892,-1795.73
657,5000,-3140.84,63,-1451.85,40955,-403.37
658,5000,-534.94,81,-1436.47,41036,-932.48
659,5000,-2009.95,62,-1468.19,41098,-1187.04
660,5000,-3291.02,73,-1652.92,41171,-215.59
661,5000,-1670.4,46,-1807.62,41217,-1852.91
662,5000,-738.05,40,-1682.54,41257,-1072.56
663,5000,-1034.44,96,-1496.04,41353,-392.25
664,5000,-2150.62,72,-1693.39,41425,-470.6
665,5000,-1297.82,49,-1647.98,41474,-2271.12
666,5000,-272.4,55,-1614.05,41529,-540.99
667,5000,-901.05,47,-1390.07,41576,-1254.51
668,5000,-256.52,64,-1362.23,41640,-928.14
669,5000,-1025.91,45,-1263.82,41685,-1494.21
670,5000,-784.09,81,-1013.13,41766,-525.64
671,5000,-1562.49,53,-1002.34,41819,-271.98
672,5000,-588.43,48,-987.38,41867,-855
673,5000,-400.09,51,-923.94,41918,-485.04
674,5000,-1211.85,47,-830.07,41965,-1262.33
675,5000,-744.17,31,-774.7,41996,-579.8
676,5000,-761.4,28,-823.6,42024,-578.19
677,5000,-2810.73,65,-1014.57,42089,-265.29
678,5000,-1849.64,79,-1173.88,42168,-373.65
679,5000,-2985.88,116,-1369.88,42284,-163.44
680,5000,-2053.42,95,-1496.81,42379,-260.26
681,5000,-1109.73,39,-1451.53,42418,-1218.32
682,5000,-29.4,17,-1395.63,42435,-103.51
683,5000,-412.43,31,-1396.86,42466,-593.7
684,5000,-1723.98,77,-1448.08,42543,-285.8
685,5000,-798.64,34,-1453.52,42577,-594.02
686,5000,-2177.21,60,-1595.11,42637,-710.06
687,5000,-1919.3,45,-1505.96,42682,-1681.57
688,5000,-223.43,32,-1343.34,42714,-573.94
689,5000,-142.07,47,-1058.96,42761,-687.35
690,5000,-3023.97,73,-1156.02,42834,-263.11
691,5000,-1229.24,88,-1167.97,42922,-175.86
692,5000,-2883.83,80,-1453.41,43002,-927.8
693,5000,-1241.4,33,-1536.31,43035,-856.74
694,5000,-1956.46,54,-1559.56,43089,-1149.03
695,5000,-1448.37,121,-1624.53,43210,-102.35
696,5000,-1518.57,80,-1558.67,43290,-402.34
697,5000,-2922.79,92,-1659.01,43382,-410.5
698,5000,-488.5,44,-1685.52,43426,-1447.1
699,5000,-429.18,33,-1714.23,43459,-679.92
700,5000,-2297.55,52,-1641.59,43511,-825.83
701,5000,-1548.95,50,-1673.56,43561,-2181.71
702,5000,-3217.29,72,-1706.91,43633,-572.16
703,5000,-1846.29,85,-1767.39,43718,-1064.71
704,5000,-1601.59,58,-1731.91,43776,-928.84
705,5000,-1259.12,112,-1712.98,43888,-809.19
706,5000,-172.33,42,-1578.36,43930,-956.46
707,5000,-1437.78,57,-1429.86,43987,-431.78
708,5000,-37.25,17,-1384.73,44004,-155.98
709,5000,-1780.78,52,-1519.89,44056,-915.24
710,5000,-431.34,35,-1333.27,44091,-1786.27
711,5000,-1388.64,41,-1317.24,44132,-1508.19
712,5000,-1637.01,51,-1159.21,44183,-2276.5
713,5000,-618.39,67,-1036.42,44250,-552.42
714,5000,-1645,74,-1040.76,44324,-760.92
715,5000,-977.38,32,-1012.59,44356,-823.2
716,5000,-1322.03,46,-1127.56,44402,-1784.07
717,5000,-159.13,21,-999.69,44423,-158.03
718,5000,-1663.25,54,-1162.29,44477,-429.56
719,5000,-1284.77,56,-1112.69,44533,-1498.89
720,5000,-772.13,47,-1146.77,44580,-795.12
721,5000,-413.71,35,-1049.28,44615,-711.75
722,5000,-1228.76,90,-1008.45,44705,-125.82
723,5000,-1508.04,45,-1097.42,44750,-2256.03
724,5000,-343.14,29,-967.23,44779,-293.15
725,5000,-604.66,40,-929.96,44819,-1648.25
726,5000,-2385.96,82,-1036.35,44901,-184.78
727,5000,-1307.98,45,-1151.24,44946,-1108.99
728,5000,-1495.06,50,-1134.42,44996,-2386.86
729,5000,-1994.54,54,-1205.4,45050,-905.05
730,5000,-649.64,47,-1193.15,45097,-2156.92
731,5000,-1051.13,77,-1256.89,45174,-289.86
732,5000,-1398.21,37,-1273.84,45211,-987.7
733,5000,-653.35,30,-1188.37,45241,-643.2
734,5000,-1584.21,59,-1312.47,45300,-397.83
735,5000,-867.79,78,-1338.79,45378,-362.85
736,5000,-848.55,74,-1185.05,45452,-303.17
737,5000,-1613.67,45,-1215.61,45497,-2216.89
738,5000,-1810.5,118,-1247.16,45615,-166.4
739,5000,-722.9,41,-1119.99,45656,-1390.26
740,5000,-1791.5,53,-1234.18,45709,-1390.83
741,5000,-767.1,100,-1205.78,45809,-820.9
742,5000,-2488.47,84,-1314.8,45893,-231.21
743,5000,-205.01,31,-1269.97,45924,-872.14
744,5000,-1695.67,53,-1281.12,45977,-1323.42
745,5000,-1843.32,54,-1378.67,46031,-690.54
746,5000,-47.79,17,-1298.59,46048,-77.11
747,5000,-823.99,40,-1219.62,46088,-1371.5
748,5000,-1731.05,50,-1211.68,46138,-727.46
749,5000,-1104.66,39,-1249.85,46177,-1063.54
750,5000,-184.64,60,-1089.17,46237,-1101.9
751,5000,-1226.39,82,-1135.1,46319,-918.97
752,5000,-2049.6,53,-1091.21,46372,-1918.18
753,5000,-1767.58,51,-1247.47,46423,-1373.93
754,5000,-1666.55,43,-1244.56,46466,-1028.68
755,5000,-1783.88,73,-1238.61,46539,-621.93
756,5000,-3015.87,141,-1535.42,46680,-132.69
757,5000,-1176.76,74,-1570.7,46754,-452.93
758,5000,-1878.82,94,-1585.47,46848,-102.59
759,5000,-141.28,25,-1489.14,46873,-364.84
760,5000,-1602.86,47,-1630.96,46920,-2180.99
761,5000,-292.36,65,-1537.55,46985,-312.14
762,5000,-415.47,51,-1374.14,47036,-350.68
763,5000,-112.34,34,-1208.62,47070,-1568.69
764,5000,-3083.36,153,-1350.3,47223,-110.52
765,5000,-282.18,33,-1200.13,47256,-762.56
766,5000,-1219.65,68,-1020.51,47324,-218.86
767,5000,-843.26,33,-987.16,47357,-862.65
768,5000,-2773.07,78,-1076.58,47435,-1030.12
769,5000,-1517.89,88,-1214.25,47523,-111.66
770,5000,-321.36,50,-1086.1,47573,-485.61
771,5000,-1707.99,48,-1227.66,47621,-2381.46
772,5000,-283.28,30,-1214.44,47651,-529.93
773,5000,-1600.39,46,-1363.25,47697,-1760.14
774,5000,-1968.06,76,-1251.71,47773,-663.58
775,5000,-2992.99,68,-1522.8,47841,-329.57
776,5000,-203.75,34,-1421.2,47875,-1713.89
777,5000,-252.68,30,-1362.15,47905,-529.36
778,5000,-3311.39,75,-1415.98,47980,-842.9
779,5000,-353.41,75,-1299.53,48055,-1041.11
780,5000,-1218.17,44,-1389.21,48099,-2126.89
781,5000,-113.7,22,-1229.78,48121,-128.47
782,5000,-469.28,32,-1248.38,48153,-615.5
783,5000,-606.39,51,-1148.98,48204,-914.7
784,5000,-1390.37,40,-1091.21,48244,-1417.52
785,5000,-938.61,50,-885.78,48294,-522.72
786,5000,-920.89,42,-957.49,48336,-1556.72
787,5000,-531.67,34,-985.39,48370,-1648.08
788,5000,-1752.23,74,-829.47,48444,-296.25
789,5000,-340.52,35,-828.18,48479,-2055.02
790,5000,-989.56,44,-805.32,48523,-1660.85
791,5000,-2626.96,69,-1056.65,48592,-1074.84
792,5000,-647.38,30,-1074.46,48622,-580.97
793,5000,-1991.71,57,-1212.99,48679,-802.17
794,5000,-1342.98,51,-1208.25,48730,-1776.74
795,5000,-2330.17,76,-1347.41,48806,-751.44
796,5000,-1286.59,45,-1383.98,48851,-2326.23
797,5000,-1841.15,56,-1514.92,48907,-745.3
798,5000,-214.44,60,-1361.15,48967,-947.66
799,5000,-1848.81,53,-1511.97,49020,-976.29
800,5000,-274.18,24,-1440.44,49044,-203.43
801,5000,-1061.74,42,-1283.91,49086,-960.56
802,5000,-1018.16,71,-1320.99,49157,-536.71
803,5000,-308.58,38,-1152.68,49195,-1951.4
804,5000,-2646.04,110,-1282.99,49305,-327.59
805,5000,-809.49,43,-1130.92,49348,-1244.31
806,5000,-1200.92,78,-1122.35,49426,-752.41
807,5000,-1435.99,41,-1081.84,49467,-2442.2
808,5000,-985.46,34,-1158.94,49501,-990.58
809,5000,-1221.63,97,-1096.22,49598,-853.99
810,5000,-34.51,17,-1072.25,49615,-147.6
811,5000,-764.28,27,-1042.51,49642,-617.03
812,5000,-373.18,38,-978.01,49680,-1784.96
813,5000,-208.96,35,-968.05,49715,-1857.48
814,5000,-2792.42,89,-982.68,49804,-257.14
815,5000,-1473.64,45,-1049.1,49849,-1297.98
816,5000,-787.92,113,-1007.8,49962,-511.93
817,5000,-908.13,39,-955.01,50001,-1690.87
818,5000,-1220.99,81,-978.57,50082,-418.98
819,5000,-231.68,41,-879.57,50123,-1213.89
820,5000,-1754.78,79,-1051.6,50202,-496.73
821,5000,-1970.76,48,-1172.25,50250,-1215.85
822,5000,-1030.4,40,-1237.97,50290,-1181.24
823,5000,-140.73,36,-1231.15,50326,-730.7
824,5000,-2012,49,-1153.1,50375,-1458.73
825,5000,-839.14,39,-1089.65,50414,-1356.9
826,5000,-1399.07,124,-1150.77,50538,-969.98
827,5000,-1002.92,57,-1160.25,50595,-618.08
828,5000,-1067.54,44,-1144.9,50639,-1101.5
829,5000,-2547.23,55,-1376.46,50694,-1912.91
830,5000,-1290.77,55,-1330.06,50749,-858.44
831,5000,-428.76,73,-1175.86,50822,-402.66
832,5000,-720.95,41,-1144.91,50863,-774.77
833,5000,-279.84,41,-1158.82,50904,-1171.48
834,5000,-557.94,47,-1013.42,50951,-396.33
835,5000,-2959.1,80,-1225.41,51031,-292.64
836,5000,-952.96,32,-1180.8,51063,-844.46
837,5000,-1121.88,52,-1192.7,51115,-1950.56
838,5000,-246.63,69,-1110.61,51184,-648.05
839,5000,-1743.36,56,-1030.22,51240,-571.55
840,5000,-673.85,50,-968.53,51290,-1834.14
841,5000,-1588.51,88,-1084.5,51378,-102.53
842,5000,-3221.55,72,-1334.56,51450,-729.21
843,5000,-90.99,33,-1315.68,51483,-1355.1
844,5000,-1858.28,80,-1445.71,51563,-149.46
845,5000,-272.83,106,-1177.08,51669,-1060.54
846,5000,-1578.27,50,-1239.61,51719,-1518.27
847,5000,-2598,103,-1387.23,51822,-170.95
848,5000,-1208.58,39,-1483.42,51861,-1758.64
849,5000,-1402.55,45,-1449.34,51906,-1716.81
850,5000,-789.95,37,-1460.95,51943,-1066.21
851,5000,-1785.65,54,-1480.67,51997,-521.93
852,5000,-103.43,39,-1168.85,52036,-1152.19
853,5000,-652.56,46,-1225.01,52082,-1007.05
854,5000,-1565.58,43,-1195.74,52125,-1902.59
855,5000,-411.46,32,-1209.6,52157,-857.59
856,5000,-1527.52,48,-1204.53,52205,-2340.91
857,5000,-1931.97,49,-1137.93,52254,-2000.83
858,5000,-1832.78,100,-1200.35,52354,-825.77
859,5000,-1098.32,48,-1169.92,52402,-941.86
860,5000,-1678.28,47,-1258.76,52449,-1058.75
861,5000,-1444.07,47,-1224.6,52496,-2149.16
862,5000,-2056.32,54,-1419.89,52550,-1502.68
863,5000,-2355.29,57,-1590.16,52607,-2012.79
864,5000,-201.04,33,-1453.71,52640,-1362.13
865,5000,-920.31,41,-1504.59,52681,-1666.64
866,5000,-2058.71,54,-1557.71,52735,-940.16
867,5000,-125.11,58,-1377.02,52793,-679.76
868,5000,-3136.9,72,-1507.43,52865,-647.44
869,5000,-1797.96,52,-1577.4,52917,-1606.75
870,5000,-811.11,37,-1490.68,52954,-793.25
871,5000,-1779.23,58,-1524.2,53012,-319.66
872,5000,-2255.73,60,-1544.14,53072,-2290.68
873,5000,-695.73,54,-1378.18,53126,-592.43
874,5000,-2042.2,55,-1562.3,53181,-712.08
875,5000,-659.6,37,-1536.23,53218,-1324.71
876,5000,-1376.37,38,-1467.99,53256,-1142.46
877,5000,-1229.85,48,-1578.47,53304,-191.49
878,5000,-1467.14,47,-1411.49,53351,-120.84
879,5000,-434.35,60,-1275.13,53411,-306.58
880,5000,-2099.55,58,-1403.97,53469,-618.45
881,5000,-179.7,35,-1244.02,53504,-1738.97
882,5000,-760.68,32,-1094.52,53536,-665.2
883,5000,-1639.92,62,-1188.94,53598,-399.61
884,5000,-792.89,52,-1064,53650,-2089.79
885,5000,-1490.81,55,-1147.13,53705,-90.22
886,5000,-930.38,68,-1102.53,53773,-373.36
887,5000,-476.56,81,-1027.2,53854,-1420.9
888,5000,-1632.83,49,-1043.77,53903,-342.09
889,5000,-810.43,35,-1081.37,53938,-1142.79
890,5000,-705.76,33,-942,53971,-900.75
891,5000,-2225.2,58,-1146.55,54029,-946.69
892,5000,-80.44,18,-1078.52,54047,-94.85
893,5000,-1336.39,51,-1048.17,54098,-1468.44
894,5000,-2511.62,79,-1220.04,54177,-411.78
895,5000,-336.22,38,-1104.58,54215,-1941.4
896,5000,-621.27,81,-1073.67,54296,-724.33
897,5000,-156.97,56,-1041.71,54352,-1015.21
898,5000,-1046.7,52,-983.1,54404,-730.81
899,5000,-1227.45,51,-1024.8,54455,-2049.2
900,5000,-1423.19,84,-1096.55,54539,-178.3
901,5000,-658.21,74,-939.85,54613,-890.14
902,5000,-1613.13,50,-1093.12,54663,-394.69
903,5000,-1062.5,40,-1065.73,54703,-1335.19
904,5000,-1484.83,49,-963.05,54752,-1355.42
905,5000,-644.28,44,-993.85,54796,-1520.31
906,5000,-3165.56,73,-1248.28,54869,-469.37
907,5000,-847.23,34,-1317.31,54903,-1003.34
908,5000,-1660.72,68,-1378.71,54971,-409.55
909,5000,-489.77,32,-1304.94,55003,-659.46
910,5000,-1023.58,29,-1264.98,55032,-632.21
911,5000,-217.94,66,-1220.96,55098,-636.69
912,5000,-1197.53,46,-1179.4,55144,-1277.56
913,5000,-803.5,33,-1153.5,55177,-725.13
914,5000,-254.95,78,-1030.51,55255,-265.82
915,5000,-2542.67,57,-1220.35,55312,-678.71
916,5000,-45.14,17,-908.3,55329,-66.21
917,5000,-1770.04,82,-1000.58,55411,-446.06
918,5000,-887.62,49,-923.27,55460,-1847.51
919,5000,-2219.24,56,-1096.22,55516,-792.68
920,5000,-2067.13,48,-1200.58,55564,-1717.24
921,5000,-52.06,18,-1183.99,55582,-124.01
922,5000,-150.58,22,-1079.29,55604,-354.85
923,5000,-495.62,34,-1048.51,55638,-1435.49
924,5000,-1601.17,47,-1183.13,55685,-2318.45
925,5000,-1535.27,42,-1082.39,55727,-1763.27
926,5000,-107.07,30,-1088.58,55757,-1115.5
927,5000,-761.5,74,-987.73,55831,-484.84
928,5000,-139.6,30,-912.92,55861,-757.29
929,5000,-1847.46,53,-875.74,55914,-349.28
930,5000,-1682.56,50,-837.29,55964,-927.33
931,5000,-306.04,45,-862.69,56009,-431.51
932,5000,-1694.51,39,-1017.08,56048,-1138.51
933,5000,-1035.22,51,-1071.04,56099,-822.28
934,5000,-280.89,69,-939.01,56168,-445.22
935,5000,-865.46,43,-872.03,56211,-1001.86
936,5000,-1083.58,39,-969.68,56250,-754.74
937,5000,-438.53,66,-937.38,56316,-234.96
938,5000,-603.91,40,-983.82,56356,-1685.83
939,5000,-212.79,25,-820.35,56381,-460
940,5000,-1660.07,50,-818.1,56431,-172.96
941,5000,-1264.47,53,-913.94,56484,-557.76
942,5000,-1945.32,55,-939.02,56539,-674.55
943,5000,-512.37,33,-886.74,56572,-695.39
944,5000,-646.38,45,-923.29,56617,-1848.38
945,5000,-1157.1,41,-952.45,56658,-1846.86
946,5000,-1156.16,42,-959.71,56700,-2278.81
947,5000,-465.82,102,-962.44,56802,-499.95
948,5000,-2118.6,49,-1113.91,56851,-1323.47
949,5000,-1537.88,63,-1246.42,56914,-247.76
950,5000,-1077.71,43,-1188.18,56957,-1843.38
951,5000,-350.27,32,-1096.76,56989,-544.11
952,5000,-340.03,96,-936.23,57085,-650.76
953,5000,-414.3,78,-926.43,57163,-541.1
954,5000,-303.27,72,-892.12,57235,-512.75
955,5000,-1626.67,67,-939.07,57302,-459.03
956,5000,-709.32,37,-894.39,57339,-738.37
957,5000,-438.17,33,-891.62,57372,-703.25
958,5000,-674.03,33,-747.17,57405,-1136.17
959,5000,-244.49,38,-617.83,57443,-1474.64
960,5000,-1754.02,56,-685.46,57499,-2256.84
961,5000,-2123.45,55,-862.77,57554,-901.78
962,5000,-497.38,32,-878.51,57586,-656.44
963,5000,-184.65,43,-855.54,57629,-402.15
964,5000,-351.73,75,-860.39,57704,-584.05
965,5000,-280.32,79,-725.76,57783,-928.41
966,5000,-106.86,33,-665.51,57816,-426.17
967,5000,-171.77,21,-638.87,57837,-118.38
968,5000,-1418.61,49,-713.33,57886,-1012.29
969,5000,-1812.4,52,-870.12,57938,-933.52
970,5000,-1626.07,55,-857.32,57993,-227.71
971,5000,-1901.87,81,-835.17,58074,-469.38
972,5000,-1208.82,42,-906.31,58116,-842.36
973,5000,-624.65,38,-950.31,58154,-1337.44
974,5000,-125.56,42,-927.69,58196,-313.67
975,5000,-1638.73,49,-1063.53,58245,-2203.92
976,5000,-496.33,37,-1102.48,58282,-859.71
977,5000,-336.61,35,-1118.97,58317,-1548.71
978,5000,-113.54,37,-988.46,58354,-349.21
979,5000,-557.88,34,-863.01,58388,-692.88
980,5000,-1338.36,39,-834.24,58427,-1621.47
981,5000,-1125.42,43,-756.59,58470,-1215.02
982,5000,-348.02,55,-670.51,58525,-283.59
983,5000,-1235.29,36,-731.57,58561,-1007.65
984,5000,-563.87,44,-775.4,58605,-1524.78
985,5000,-1635.02,43,-775.03,58648,-2296.54
986,5000,-1208.98,46,-846.3,58694,-2160.85
987,5000,-606.61,45,-873.3,58739,-809.36
988,5000,-1717.89,69,-1033.73,58808,-263.6
989,5000,-462.94,33,-1024.24,58841,-719.55
990,5000,-1775.97,49,-1068,58890,-1352.09
991,5000,-1950.19,46,-1150.48,58936,-1359.34
992,5000,-190.35,25,-1134.71,58961,-138.06
993,5000,-854.01,30,-1096.58,58991,-703.6
994,5000,-1796.14,51,-1219.81,59042,-704.25
995,5000,-421.16,69,-1098.42,59111,-620.08
996,5000,-1796.29,47,-1157.16,59158,-1670.44
997,5000,-1741.52,49,-1270.65,59207,-190.74
998,5000,-276.3,34,-1126.49,59241,-1231.43
999,5000,-121.61,30,-1092.35,59271,-1032.05
1000,5000,-698.51,35,-984.61,59306,-1091.51
1001,5000,-1909.04,56,-980.49,59362,-1852.84
1002,5000,-1121.36,40,-1073.6,59402,-1635.03
1003,5000,-149.33,37,-1003.13,59439,-1478.2
1004,5000,-1537.41,51,-977.25,59490,-1900.12
1005,5000,-973.61,90,-1032.5,59580,-548.18
1006,5000,-353.13,33,-888.18,59613,-1110.89
1007,5000,-1296.27,44,-843.66,59657,-1138.42
1008,5000,-2329.35,82,-1048.96,59739,-453.21
1009,5000,-605.91,48,-1097.39,59787,-704.46
1010,5000,-552.19,113,-1082.76,59900,-143.79
1011,5000,-1988.95,54,-1090.75,59954,-1182.6
1012,5000,-1426.54,45,-1121.27,59999,-2246.17
1013,5000,-1214.31,42,-1227.77,60041,-1904.65
1014,5000,-1126.04,31,-1186.63,60072,-824.1
1015,5000,-131.1,25,-1102.38,60097,-463.11
1016,5000,-1315.97,79,-1198.66,60176,-312.61
1017,5000,-217.77,23,-1090.81,60199,-373.6
1018,5000,-552.3,68,-913.11,60267,-295.65
1019,5000,-1337.74,36,-986.29,60303,-717.64
1020,5000,-1032.95,52,-1034.37,60355,-1816.15
1021,5000,-500.91,91,-885.56,60446,-182.76
1022,5000,-1266.04,54,-869.51,60500,-796.1
1023,5000,-1084.86,38,-856.57,60538,-1208.06
1024,5000,-1103.52,55,-854.32,60593,-719.93
1025,5000,-742.07,52,-915.41,60645,-581.73
1026,5000,-243.82,27,-808.2,60672,-470.67
1027,5000,-1785.87,51,-965.01,60723,-523.66
1028,5000,-1091.32,61,-1018.91,60784,-1186
1029,5000,-431.41,30,-928.28,60814,-961.01
1030,5000,-2034.34,57,-1028.42,60871,-679.1
1031,5000,-1046.25,35,-1082.95,60906,-1238.73
1032,5000,-706.23,47,-1026.97,60953,-1889.96
1033,5000,-1196.82,38,-1038.16,60991,-1049
1034,5000,-951.86,42,-1023,61033,-869.29
1035,5000,-116.86,31,-960.48,61064,-792.62
1036,5000,-785.33,44,-1014.63,61108,-921.99
1037,5000,-1866.63,102,-1022.7,61210,-173.34
1038,5000,-63.39,34,-919.91,61244,-706.24
1039,5000,-85.42,32,-885.31,61276,-1127.57
1040,5000,-93.64,39,-691.24,61315,-1342.48
1041,5000,-1833.17,66,-769.93,61381,-208.13
1042,5000,-329.48,65,-732.26,61446,-288.74
1043,5000,-779.43,38,-690.52,61484,-1196.7
1044,5000,-156.78,63,-611.01,61547,-182.87
1045,5000,-1377.21,68,-737.05,61615,-147.83
1046,5000,-666.28,33,-725.14,61648,-826.35
1047,5000,-2180.94,56,-756.57,61704,-1053.01
1048,5000,-2284.79,53,-978.71,61757,-706.02
1049,5000,-1160.63,43,-1086.23,61800,-1451.21
1050,5000,-987.98,36,-1175.67,61836,-633.93
1051,5000,-144.92,34,-1006.84,61870,-1033.17
1052,5000,-1000.39,56,-1073.93,61926,-716.15
1053,5000,-965.3,28,-1092.52,61954,-636.39
1054,5000,-775.1,38,-1154.35,61992,-818.54
1055,5000,-2648.09,60,-1281.44,62052,-864.88
1056,5000,-164.7,30,-1231.28,62082,-1372.13
1057,5000,-1072.1,45,-1120.4,62127,-1031.41
1058,5000,-518.25,82,-943.75,62209,-230.61
1059,5000,-1146.97,84,-942.38,62293,-200.96
1060,5000,-2248.08,55,-1068.39,62348,-2247.93
1061,5000,-187.19,52,-1072.62,62400,-197.63
1062,5000,-1814.01,66,-1153.98,62466,-373.64
1063,5000,-2220.59,55,-1279.51,62521,-875.01
1064,5000,-898.39,34,-1291.84,62555,-689.43
1065,5000,-205.3,35,-1047.56,62590,-1562.95
1066,5000,-1519.21,41,-1183.01,62631,-2112.89
1067,5000,-662.51,30,-1142.05,62661,-611.02
1068,5000,-1823.06,82,-1272.53,62743,-173.6
1069,5000,-948.41,48,-1252.67,62791,-2019.8
1070,5000,-142.8,39,-1042.15,62830,-689.2
1071,5000,-2186.93,56,-1242.12,62886,-753.49
1072,5000,-2061.4,86,-1266.86,62972,-86.67
1073,5000,-2095.84,101,-1254.39,63073,-519.77
1074,5000,-1721.7,55,-1336.72,63128,-811.7
1075,5000,-2926.29,66,-1608.82,63194,-399.45
1076,5000,-402.15,33,-1497.11,63227,-1445.21
1077,5000,-1605.17,48,-1591.37,63275,-1173.04
1078,5000,-607.9,36,-1469.86,63311,-437.41
1079,5000,-1985.61,78,-1573.58,63389,-131.11
1080,5000,-1842.96,55,-1743.59,63444,-516.92
1081,5000,-1662.27,46,-1691.13,63490,-1107.21
1082,5000,-2076.15,58,-1692.6,63548,-500.15
1083,5000,-1215.36,44,-1604.56,63592,-1666.93
1084,5000,-2034.63,54,-1635.85,63646,-2257.99
1085,5000,-1319.97,46,-1475.22,63692,-1306.75
1086,5000,-2094.93,59,-1644.5,63751,-680.81
1087,5000,-205.01,92,-1504.48,63843,-92.68
1088,5000,-1666.13,55,-1610.3,63898,-208.09
1089,5000,-651.07,38,-1476.85,63936,-1320.88
1090,5000,-776.04,31,-1370.16,63967,-559.6
1091,5000,-243.27,58,-1228.25,64025,-214.76
1092,5000,-356.07,31,-1056.25,64056,-927.89
1093,5000,-1140.82,114,-1048.79,64170,-726.53
1094,5000,-546.18,37,-899.95,64207,-1191
1095,5000,-2252.52,53,-993.2,64260,-1229.29
1096,5000,-1734.21,56,-957.13,64316,-818.12
1097,5000,-391.16,71,-975.75,64387,-158.14
1098,5000,-208.64,34,-830,64421,-1616.75
1099,5000,-302.9,82,-795.18,64503,-546.02
1100,5000,-2022.32,114,-919.81,64617,-234.79
1101,5000,-1262.11,47,-1021.69,64664,-1773
1102,5000,-174.02,71,-1003.49,64735,-103.41
1103,5000,-202.41,44,-909.65,64779,-409.33
1104,5000,-158.38,29,-870.87,64808,-514.24
1105,5000,-821.91,35,-727.81,64843,-1258.35
1106,5000,-827.87,38,-637.17,64881,-1248.38
1107,5000,-2342.4,65,-832.29,64946,-1935.07
1108,5000,-1977.54,54,-1009.19,65000,-888.05
1109,5000,-2442.89,61,-1223.18,65061,-995.79
1110,5000,-88.94,25,-1029.85,65086,-218.15
1111,5000,-975.8,39,-1001.22,65125,-1395.79
1112,5000,-2147.04,84,-1198.52,65209,-201.37
1113,5000,-1308.47,77,-1309.12,65286,-303.87
1114,5000,-1558.96,52,-1449.18,65338,-312.45
1115,5000,-319.26,45,-1398.92,65383,-488.96
1116,5000,-255.18,102,-1341.65,65485,-715.76
1117,5000,-1015.35,138,-1208.94,65623,-72.35
1118,5000,-1187.27,46,-1129.92,65669,-1576.86
1119,5000,-973.9,34,-983.02,65703,-728.11
1120,5000,-644.09,50,-1038.53,65753,-1857.31
1121,5000,-118.43,36,-952.8,65789,-1004.16
1122,5000,-529.57,123,-791.05,65912,-315.1
1123,5000,-332.85,98,-693.49,66010,-117.23
1124,5000,-157.48,38,-553.34,66048,-1318.96
1125,5000,-1002.42,40,-621.65,66088,-1412.98
1126,5000,-807.33,86,-676.87,66174,-106.77
1127,5000,-101.72,34,-585.51,66208,-1434.93
1128,5000,-1019.85,58,-568.76,66266,-1586.44
1129,5000,-137.38,55,-485.11,66321,-151.27
1130,5000,-141,31,-434.8,66352,-1323.06
1131,5000,-96.27,32,-432.59,66384,-1112.12
1132,5000,-208.03,34,-400.43,66418,-1357.29
1133,5000,-1047.42,40,-471.89,66458,-1705.26
1134,5000,-250.62,25,-481.2,66483,-211.04
1135,5000,-726.07,35,-453.57,66518,-883.84
1136,5000,-1332.84,44,-506.12,66562,-1820.58
1137,5000,-805.86,34,-576.54,66596,-955.35
1138,5000,-120.88,42,-486.64,66638,-541.71
1139,5000,-1974.13,56,-670.31,66694,-1815.33
1140,5000,-916.33,130,-747.85,66824,-618.55
1141,5000,-1400.71,49,-878.29,66873,-2012.19
1142,5000,-159.59,50,-873.45,66923,-101.12
1143,5000,-96.45,39,-778.35,66962,-461.4
1144,5000,-339.51,43,-787.24,67005,-843.72
1145,5000,-179.98,47,-732.63,67052,-205.81
1146,5000,-1153.02,41,-714.65,67093,-1716.08
1147,5000,-1682.98,54,-802.36,67147,-1938.13
1148,5000,-557.26,44,-846,67191,-953.18
1149,5000,-1200.97,41,-768.68,67232,-1730.21
1150,5000,-1108.47,44,-787.89,67276,-1473.17
1151,5000,-2082.35,56,-856.06,67332,-1162.35
1152,5000,-101.59,59,-850.26,67391,-876.38
1153,5000,-1211.39,36,-961.75,67427,-791.79
1154,5000,-1012.69,76,-1029.07,67503,-310.92
1155,5000,-507.21,76,-1061.79,67579,-369.56
1156,5000,-669.78,36,-1013.47,67615,-542.84
1157,5000,-149.84,53,-860.15,67668,-111.37
1158,5000,-186.6,103,-823.09,67771,-140.19
1159,5000,-184.83,55,-721.47,67826,-531.84
1160,5000,-114.29,35,-622.06,67861,-941.98
1161,5000,-1373.09,42,-551.13,67903,-1276.57
1162,5000,-2231.73,58,-764.15,67961,-719.06
1163,5000,-333.53,34,-676.36,67995,-1290.32
1164,5000,-301.99,25,-605.29,68020,-235.74
1165,5000,-1874.38,50,-742.01,68070,-1271.89
1166,5000,-453.05,35,-720.33,68105,-1181.97
1167,5000,-1364.2,86,-841.77,68191,-382.03
1168,5000,-1762.52,51,-999.36,68242,-727.91
1169,5000,-136.55,38,-994.53,68280,-676.54
1170,5000,-763.64,33,-1059.47,68313,-683.3
1171,5000,-204.68,36,-942.63,68349,-1663.23
1172,5000,-236.65,71,-743.12,68420,-110.66
1173,5000,-901.32,34,-799.9,68454,-1026.25
1174,5000,-571.73,49,-826.87,68503,-440.4
1175,5000,-124.03,33,-651.84,68536,-1081.49
1176,5000,-2050.29,56,-811.56,68592,-565.08
1177,5000,-1422.48,55,-817.39,68647,-1107.89
1178,5000,-200.35,62,-661.17,68709,-660.88
1179,5000,-1984.09,57,-845.93,68766,-466.15
1180,5000,-882.97,73,-857.86,68839,-71.44
1181,5000,-133.28,28,-850.72,68867,-453.34
1182,5000,-1750.74,63,-1002.13,68930,-1370.26
1183,5000,-549.83,26,-966.98,68956,-499.38
1184,5000,-1149.38,80,-1024.75,69036,-325.6
1185,5000,-584.59,89,-1070.8,69125,-655.59
1186,5000,-234.09,44,-889.18,69169,-373.85
1187,5000,-1957.55,56,-942.69,69225,-817.65
1188,5000,-1774.64,54,-1100.12,69279,-1895.36
1189,5000,-2089,55,-1110.61,69334,-1534.88
1190,5000,-99.04,67,-1032.21,69401,-414.48
1191,5000,-278.56,110,-1046.74,69511,-80.26
1192,5000,-1402.3,47,-1011.9,69558,-1720.18
1193,5000,-172.1,65,-974.13,69623,-97.69
1194,5000,-490.22,29,-908.21,69652,-467.69
1195,5000,-289.97,51,-878.75,69703,-170.26
1196,5000,-1750.04,55,-1030.34,69758,-227.04
1197,5000,-1441.96,44,-978.78,69802,-1794.22
1198,5000,-897.83,37,-891.1,69839,-1066.43
1199,5000,-1244.76,36,-806.68,69875,-719.09
1200,5000,-496.28,31,-846.4,69906,-652.07
1201,5000,-1522.69,50,-970.82,69956,-619.66
1202,5000,-1780.64,44,-1008.65,70000,-2265.77
1203,5000,-1953.19,54,-1186.76,70054,-485.07
1204,5000,-816.8,36,-1219.42,70090,-1536.31
1205,5000,-809.06,32,-1271.33,70122,-940.99
1206,5000,-2012.56,53,-1297.58,70175,-482.18
1207,5000,-936.24,52,-1247.01,70227,-723.14
1208,5000,-219.59,25,-1179.18,70252,-425.36
1209,5000,-1300.65,43,-1184.77,70295,-1195.3
1210,5000,-1634.95,42,-1298.64,70337,-1157.55
1211,5000,-1490.48,48,-1295.42,70385,-2069.64
1212,5000,-1356.45,40,-1253,70425,-1331.15
1213,5000,-1545.23,46,-1212.2,70471,-1811.12
1214,5000,-270.08,28,-1157.53,70499,-358.23
1215,5000,-397.22,90,-1116.35,70589,-409.38
1216,5000,-819.26,33,-997.02,70622,-534.5
1217,5000,-690.59,44,-972.45,70666,-1244.85
1218,5000,-612.86,118,-1011.78,70784,-517.03
1219,5000,-350.99,102,-916.81,70886,-173.41
1220,5000,-1366.56,85,-889.97,70971,-240.83
1221,5000,-269.83,41,-767.91,71012,-813.2
1222,5000,-1832.36,58,-815.5,71070,-1993.53
1223,5000,-255.17,71,-686.49,71141,-475.5
1224,5000,-2363.93,74,-895.88,71215,-1985.78
1225,5000,-974.57,39,-953.61,71254,-1640.6
1226,5000,-495,76,-921.19,71330,-834.19
1227,5000,-509.88,46,-903.11,71376,-1360.31
1228,5000,-1228.64,47,-964.69,71423,-1688.06
1229,5000,-1938.05,126,-1123.4,71549,-122.73
1230,5000,-2277.1,55,-1214.45,71604,-651.42
1231,5000,-2126.92,54,-1400.16,71658,-1136.34
1232,5000,-913.18,58,-1308.24,71716,-1489.27
1233,5000,-1281.06,86,-1410.83,71802,-154.36
1234,5000,-1917.46,96,-1366.19,71898,-298.59
1235,5000,-2607.28,70,-1529.46,71968,-1837.8
1236,5000,-709.91,38,-1550.95,72006,-878.11
1237,5000,-1488.05,49,-1648.77,72055,-1881.24
1238,5000,-608.97,39,-1586.8,72094,-441.53
1239,5000,-111.19,77,-1404.11,72171,-342.4
1240,5000,-2535.32,94,-1429.94,72265,-185.57
1241,5000,-249,43,-1242.14,72308,-408.72
1242,5000,-1762.36,53,-1327.06,72361,-615.18
1243,5000,-1438.52,37,-1342.81,72398,-829.06
1244,5000,-704.1,53,-1221.47,72451,-551.38
1245,5000,-3250.24,83,-1285.77,72534,-245.36
1246,5000,-2180.39,59,-1432.81,72593,-1858.43
1247,5000,-1002.95,103,-1384.3,72696,-109.63
1248,5000,-2276.4,62,-1551.05,72758,-1736.14
1249,5000,-97.82,34,-1549.71,72792,-723.38
1250,5000,-460.98,41,-1342.28,72833,-1812.66
1251,5000,-754.6,35,-1392.84,72868,-1118.44
1252,5000,-505.91,37,-1267.19,72905,-383.81
1253,5000,-1614.74,63,-1284.81,72968,-1676.81
1254,5000,-355.31,37,-1249.93,73005,-227.4
1255,5000,-1066.88,44,-1031.6,73049,-1563.88
1256,5000,-166.65,67,-830.23,73116,-232.47
1257,5000,-1533.65,49,-883.3,73165,-1701.2
1258,5000,-2482.89,56,-903.94,73221,-2167.83
1259,5000,-2042.85,98,-1098.45,73319,-93.81
1260,5000,-100.86,37,-1062.43,73356,-1005.02
1261,5000,-929.91,36,-1079.97,73392,-684.84
1262,5000,-1372.81,44,-1166.65,73436,-560.26
1263,5000,-1723.29,43,-1177.51,73479,-1342.44
1264,5000,-1702.91,54,-1312.27,73533,-458.92
1265,5000,-1214.78,41,-1327.06,73574,-1523.04
1266,5000,-2232.46,50,-1533.64,73624,-1106.96
1267,5000,-1439.66,46,-1524.24,73670,-788.33
1268,5000,-1274.7,46,-1403.42,73716,-1798.4
1269,5000,-1978.65,54,-1397,73770,-1271.9
1270,5000,-108.98,36,-1397.82,73806,-822.98
1271,5000,-1164.69,35,-1421.29,73841,-709.15
1272,5000,-1685.75,118,-1452.59,73959,-165.42
1273,5000,-1697.89,127,-1450.05,74086,-125.31
1274,5000,-165.92,70,-1296.35,74156,-325.15
1275,5000,-949.08,39,-1269.78,74195,-1540.6
1276,5000,-1663.2,47,-1212.85,74242,-1898.38
1277,5000,-165.66,36,-1085.45,74278,-1229.16
1278,5000,-2123.48,65,-1170.33,74343,-2025.42
1279,5000,-64.55,35,-978.92,74378,-955.44
1280,5000,-249.22,39,-992.94,74417,-1697.97
1281,5000,-678.78,30,-944.35,74447,-525.61
1282,5000,-147.79,65,-790.56,74512,-413.08
1283,5000,-1538.66,42,-774.63,74554,-1653.62
1284,5000,-1051.8,53,-863.22,74607,-1212.28
1285,5000,-2121.1,60,-980.42,74667,-1359.55
1286,5000,-575.25,34,-871.63,74701,-468.56
1287,5000,-2342.34,69,-1089.3,74770,-760.59
1288,5000,-2046.41,57,-1081.59,74827,-826.56
1289,5000,-2098.44,56,-1284.98,74883,-865.37
1290,5000,-708.29,52,-1330.88,74935,-969.33
1291,5000,-387.31,47,-1301.74,74982,-901.42
1292,5000,-161.41,33,-1303.1,75015,-1664.05
1293,5000,-221.39,26,-1171.37,75041,-549.89
1294,5000,-461.29,29,-1112.32,75070,-289.02
1295,5000,-73.95,22,-907.61,75092,-220.29
1296,5000,-146.55,48,-864.74,75140,-393.21
1297,5000,-1329.46,58,-763.45,75198,-336.33
1298,5000,-126.08,130,-571.42,75328,-207.36
1299,5000,-1515.42,49,-513.11,75377,-1231.9
1300,5000,-350.69,40,-477.35,75417,-1604.51
1301,5000,-1725.51,56,-611.17,75473,-899.08
1302,5000,-2077.25,64,-802.76,75537,-1905.95
1303,5000,-646.86,128,-845.31,75665,-269.95
1304,5000,-767.49,31,-875.93,75696,-526.13
1305,5000,-2080.78,56,-1076.61,75752,-586.64
1306,5000,-472.52,32,-1109.21,75784,-457.77
1307,5000,-757.08,54,-1051.97,75838,-621.92
1308,5000,-1086.29,45,-1147.99,75883,-1572.07
1309,5000,-2139.39,57,-1210.39,75940,-616.8
1310,5000,-917.31,56,-1267.05,75996,-510.62
1311,5000,-193.33,53,-1113.83,76049,-436.1
1312,5000,-636.78,55,-969.78,76104,-378.22
1313,5000,-176.93,82,-922.79,76186,-225.72
1314,5000,-1960.09,61,-1042.05,76247,-1772.38
1315,5000,-64.26,44,-840.4,76291,-300.81
1316,5000,-2513.61,60,-1044.51,76351,-640.66
1317,5000,-2497.57,61,-1218.56,76412,-790.07
1318,5000,-188.27,41,-1128.75,76453,-467.85
1319,5000,-2233.26,66,-1138.14,76519,-1561.2
1320,5000,-1442.06,91,-1190.62,76610,-90.17
1321,5000,-78.16,82,-1179.1,76692,-328.02
1322,5000,-1851.85,48,-1300.61,76740,-1868.56
1323,5000,-521.05,39,-1335.02,76779,-470.58
1324,5000,-710.9,40,-1210.1,76819,-859.25
1325,5000,-866.41,36,-1290.31,76855,-979.43
1326,5000,-791.67,32,-1118.12,76887,-521.53
1327,5000,-1864.02,54,-1054.77,76941,-701.94
1328,5000,-1292,45,-1165.14,76986,-1185.06
1329,5000,-1346.68,43,-1076.48,77029,-1668.68
1330,5000,-1189.79,46,-1051.26,77075,-1289.03
1331,5000,-1910.9,59,-1234.53,77134,-739.85
1332,5000,-2009.58,48,-1250.3,77182,-1343.76
1333,5000,-2188.43,63,-1417.04,77245,-1092.83
1334,5000,-1430.76,39,-1489.03,77284,-1030.7
1335,5000,-442.72,43,-1446.66,77327,-1675.58
1336,5000,-105.14,70,-1378,77397,-245.06
1337,5000,-2114.41,60,-1403.04,77457,-1692.3
1338,5000,-327.15,53,-1306.56,77510,-395
1339,5000,-2014.93,57,-1373.38,77567,-297.28
1340,5000,-54.93,32,-1259.9,77599,-65.8
1341,5000,-2049.9,45,-1273.8,77644,-2342.52
1342,5000,-2333.93,59,-1306.23,77703,-787.78
1343,5000,-1949.51,58,-1282.34,77761,-1217.91
1344,5000,-1519.98,40,-1291.26,77801,-1061.07
1345,5000,-569.55,40,-1303.94,77841,-424.89
1346,5000,-111.08,30,-1304.54,77871,-1361.14
1347,5000,-624.8,36,-1155.57,77907,-854.2
1348,5000,-761.42,60,-1199,77967,-600.63
1349,5000,-39.54,26,-1001.46,77993,-94.27
1350,5000,-226.89,95,-1018.66,78088,-248.31
1351,5000,-1411.02,68,-954.77,78156,-46.61
1352,5000,-263.16,28,-747.69,78184,-178.28
1353,5000,-693.63,146,-622.11,78330,-157.95
1354,5000,-2161.13,59,-686.22,78389,-1881.95
1355,5000,-224.36,118,-651.7,78507,-101.25
1356,5000,-452.81,83,-685.88,78590,-396.54
1357,5000,-63.18,43,-629.72,78633,-240.31
1358,5000,-1099.45,37,-663.52,78670,-609.18
1359,5000,-949.74,40,-754.54,78710,-870.94
1360,5000,-838.41,62,-815.69,78772,-315.93
1361,5000,-2016.3,58,-876.22,78830,-836.33
1362,5000,-2182.54,57,-1068.16,78887,-656.91
1363,5000,-800.66,49,-1078.86,78936,-1425.01
1364,5000,-806.2,42,-943.37,78978,-853.28
1365,5000,-829.21,33,-1003.85,79011,-542.56
1366,5000,-122.9,32,-970.86,79043,-1151.19
1367,5000,-1908.8,47,-1155.42,79090,-1228.69
1368,5000,-1214.38,30,-1166.91,79120,-636.11
1369,5000,-1429.39,58,-1214.88,79178,-397.17
1370,5000,-1312.98,48,-1262.34,79226,-887.44
1371,5000,-590.38,50,-1119.75,79276,-379.37
1372,5000,-458.89,66,-947.38,79342,-509.93
1373,5000,-342.88,59,-901.6,79401,-306.14
1374,5000,-99.04,31,-830.89,79432,-679.4
1375,5000,-92.96,47,-757.26,79479,-215.24
1376,5000,-2457.45,63,-990.71,79542,-1537.78
1377,5000,-1769.82,55,-976.82,79597,-773.6
1378,5000,-881.69,47,-943.55,79644,-1556.74
1379,5000,-74.1,36,-808.02,79680,-587.84
1380,5000,-94.01,77,-686.12,79757,-136.29
1381,5000,-1113.84,55,-738.47,79812,-1742.66
1382,5000,-584.19,60,-751,79872,-329.52
1383,5000,-963.31,37,-813.04,79909,-998.55
1384,5000,-1470.42,50,-950.18,79959,-1043.01
1385,5000,-421.78,55,-983.06,80014,-452.56
1386,5000,-502.28,28,-787.54,80042,-508.47
1387,5000,-449.47,43,-655.51,80085,-446.59
1388,5000,-2515.02,56,-818.84,80141,-948.17
1389,5000,-1483.5,41,-959.78,80182,-1436.52
1390,5000,-809.62,39,-1031.34,80221,-1018.69
1391,5000,-2245.4,66,-1144.5,80287,-1994.74
1392,5000,-181.18,60,-1104.2,80347,-212.01
1393,5000,-1088.05,31,-1116.67,80378,-614.54
1394,5000,-243.69,41,-994,80419,-944.02
1395,5000,-1669.21,65,-1118.74,80484,-2103.62
1396,5000,-72.66,33,-1075.78,80517,-544.91
1397,5000,-929.42,41,-1123.78,80558,-1543.72
1398,5000,-135.66,61,-885.84,80619,-188.49
1399,5000,-1987.82,56,-936.27,80675,-914.3
1400,5000,-1371.12,50,-992.42,80725,-1786.22
1401,5000,-916.97,41,-859.58,80766,-526.95
1402,5000,-1127.58,34,-954.22,80800,-884.04
1403,5000,-1432.93,58,-988.71,80858,-1982.46
1404,5000,-2328.51,57,-1197.19,80915,-845.81
1405,5000,-473.25,42,-1077.59,80957,-1046.42
1406,5000,-2182.94,61,-1288.62,81018,-959.7
1407,5000,-738.89,36,-1269.57,81054,-910.18
1408,5000,-904.18,30,-1346.42,81084,-754.16
1409,5000,-1449.74,78,-1292.61,81162,-24.86
1410,5000,-1346.78,55,-1290.18,81217,-287.53
1411,5000,-503.68,52,-1248.85,81269,-95.04
1412,5000,-91.46,32,-1145.24,81301,-795.79
1413,5000,-287.08,29,-1030.65,81330,-365.44
1414,5000,-1178.34,44,-915.63,81374,-1070.6
1415,5000,-161.4,33,-884.45,81407,-694.16
1416,5000,-1339.18,45,-800.07,81452,-1061.09
1417,5000,-82.92,29,-734.48,81481,-1008.84
1418,5000,-1571.08,40,-801.17,81521,-1248.77
1419,5000,-585.77,34,-714.77,81555,-581
1420,5000,-538.46,57,-633.94,81612,-105.6
1421,5000,-325.94,61,-616.16,81673,-236.06
1422,5000,-301.87,36,-637.21,81709,-567.08
1423,5000,-1753.61,72,-783.86,81781,-64.38
1424,5000,-162.96,31,-682.32,81812,-75.95
1425,5000,-1561.85,51,-822.36,81863,-1925.16
1426,5000,-1366.61,33,-825.11,81896,-845.96
1427,5000,-1439.84,50,-960.8,81946,-1856.07
1428,5000,-1262.9,36,-929.98,81982,-1068.46
1429,5000,-1088.42,41,-980.25,82023,-852.19
1430,5000,-1205.31,40,-1046.93,82063,-1083.24
1431,5000,-2111.78,55,-1225.52,82118,-2041.65
1432,5000,-576.45,38,-1252.97,82156,-1111.3
1433,5000,-1210.23,46,-1198.64,82202,-1383.26
1434,5000,-1444.31,52,-1326.77,82254,-45.91
1435,5000,-324.26,36,-1203.01,82290,-635.37
1436,5000,-96.18,46,-1075.97,82336,-603.3
1437,5000,-776.62,129,-1009.65,82465,-117.82
1438,5000,-2063.44,56,-1089.7,82521,-1215
1439,5000,-1763.14,62,-1157.17,82583,-66.62
1440,5000,-1743.23,51,-1210.97,82634,-1492.99
1441,5000,-1902.6,58,-1190.05,82692,-1020.68
1442,5000,-1055.53,43,-1237.96,82735,-892.41
1443,5000,-1305.85,43,-1247.52,82778,-1153.09
1444,5000,-166.59,32,-1119.75,82810,-1342.11
1445,5000,-754.97,107,-1162.82,82917,-200.16
1446,5000,-2059.49,51,-1359.15,82968,-815.1
1447,5000,-2006.58,59,-1482.14,83027,-360.42
1448,5000,-1662.84,55,-1442.08,83082,-1253.93
1449,5000,-35.81,25,-1269.35,83107,-80.57
1450,5000,-2236.87,66,-1318.71,83173,-304.46
1451,5000,-2868.92,63,-1415.35,83236,-2089.5
1452,5000,-2067.78,60,-1516.57,83296,-930.72
1453,5000,-1553.77,58,-1541.36,83354,-221.34
1454,5000,-2806.54,90,-1805.36,83444,-1324.42
1455,5000,-2433.28,54,-1973.19,83498,-814.43
1456,5000,-2054.28,61,-1972.67,83559,-1738.69
1457,5000,-265.86,42,-1798.59,83601,-513.66
1458,5000,-2075.28,48,-1839.84,83649,-1764.83
1459,5000,-2446.63,70,-2080.92,83719,-667.9
1460,5000,-579.63,30,-1915.2,83749,-511.19
1461,5000,-710.91,38,-1699.39,83787,-579.79
1462,5000,-92.32,28,-1501.85,83815,-814.57
1463,5000,-580.37,40,-1404.51,83855,-312.82
1464,5000,-224.25,35,-1146.28,83890,-1563.09
1465,5000,-900.83,69,-993.04,83959,-199.25
1466,5000,-987.47,56,-886.35,84015,-880.14
1467,5000,-1786.57,52,-1038.43,84067,-2125.8
1468,5000,-319.84,45,-862.88,84112,-369.16
1469,5000,-115.06,35,-629.72,84147,-611.86
1470,5000,-165.32,49,-588.29,84196,-228.92
1471,5000,-67.07,30,-523.91,84226,-411.61
1472,5000,-1368.62,32,-651.54,84258,-732.55
1473,5000,-2326.24,56,-826.13,84314,-1313.5
1474,5000,-249.82,52,-828.68,84366,-308.21
1475,5000,-2535.06,72,-992.11,84438,-1728.07
1476,5000,-1196.98,37,-1013.06,84475,-932.61
1477,5000,-44.22,20,-838.82,84495,-34.28
1478,5000,-1259,50,-932.74,84545,-398.39
1479,5000,-1375.65,49,-1058.8,84594,-1087.7
1480,5000,-1837.25,45,-1225.99,84639,-1848.74
1481,5000,-1377,40,-1356.98,84679,-799.32
1482,5000,-301.78,26,-1250.3,84705,-212.9
1483,5000,-1313.71,50,-1149.05,84755,-1846.48
1484,5000,-847.03,29,-1208.77,84784,-607.94
1485,5000,-139.08,41,-969.17,84825,-740.56
1486,5000,-1856.64,44,-1035.14,84869,-1363.22
1487,5000,-1672.97,61,-1198.01,84930,-182.84
1488,5000,-419.97,49,-1114.11,84979,-379.2
1489,5000,-45.92,30,-981.14,85009,-120.73
1490,5000,-70.8,28,-804.49,85037,-940.55
1491,5000,-731.18,42,-739.91,85079,-521.15
1492,5000,-1676.57,45,-877.39,85124,-1007.35
1493,5000,-120.85,33,-758.1,85157,-509.66
1494,5000,-256.35,67,-699.03,85224,-311.64
1495,5000,-322.84,95,-717.41,85319,-306.2
1496,5000,-1006.23,57,-632.37,85376,-1691.06
1497,5000,-3028.23,85,-767.89,85461,-1441.71
1498,5000,-1174.76,45,-843.37,85506,-1001.04
1499,5000,-1642.57,54,-1003.04,85560,-1622.66
1500,5000,-512.57,34,-1047.22,85594,-576.28
1501,5000,-74.41,26,-981.54,85620,-925.78
1502,5000,-510.62,43,-864.94,85663,-1640.58
1503,5000,-2351.02,81,-1087.96,85744,-189.96
1504,5000,-88.37,69,-1071.16,85813,-51.06
1505,5000,-1022.09,40,-1141.09,85853,-810.02
1506,5000,-629.55,45,-1103.42,85898,-271.06
1507,5000,-1564.42,54,-957.04,85952,-1201.07
1508,5000,-1999.13,63,-1039.48,86015,-1656.45
1509,5000,-559.55,52,-931.17,86067,-1103.18
1510,5000,-420.29,43,-921.95,86110,-1783.52
1511,5000,-75.4,41,-922.05,86151,-204.94
1512,5000,-140.68,43,-885.05,86194,-413.73
1513,5000,-573.56,33,-707.3,86227,-577.13
1514,5000,-102.53,35,-708.72,86262,-562.52
1515,5000,-2109.87,63,-817.5,86325,-1003.58
1516,5000,-644.48,54,-818.99,86379,-669.03
1517,5000,-1791.25,56,-841.67,86435,-1908.29
1518,5000,-1396.12,50,-781.37,86485,-852.57
1519,5000,-46.86,26,-730.1,86511,-119.38
1520,5000,-177.5,39,-705.82,86550,-612.25
1521,5000,-2289.45,70,-927.23,86620,-797.65
1522,5000,-732.5,42,-986.41,86662,-631.93
1523,5000,-1496.71,91,-1078.73,86753,-69.68
1524,5000,-489.87,50,-1117.46,86803,-642.89
1525,5000,-2526.21,63,-1159.1,86866,-2028.17
1526,5000,-354.68,37,-1130.12,86903,-337.63
1527,5000,-142.14,32,-965.21,86935,-1284.45
1528,5000,-199.97,49,-845.59,86984,-501.36
1529,5000,-118.38,28,-852.74,87012,-630.86
1530,5000,-1891.38,60,-1024.13,87072,-246.1
1531,5000,-872.21,58,-882.4,87130,-92.28
1532,5000,-269.9,42,-836.14,87172,-1623.93
1533,5000,-667.66,58,-753.24,87230,-427.61
1534,5000,-2200.69,54,-924.32,87284,-1445.49
1535,5000,-965.98,58,-768.3,87342,-569.91
1536,5000,-92.57,25,-742.09,87367,-47.52
1537,5000,-2584.98,62,-986.37,87429,-1419.04
1538,5000,-1232.68,46,-1089.64,87475,-1316.57
1539,5000,-1700.26,56,-1247.83,87531,-89.83
1540,5000,-1264.4,33,-1185.13,87564,-845.83
1541,5000,-37.05,17,-1101.62,87581,-40.66
1542,5000,-119.89,113,-1086.62,87694,-123.64
1543,5000,-2901.77,74,-1310.03,87768,-1111.07
1544,5000,-265.08,36,-1116.47,87804,-703.04
1545,5000,-606.36,47,-1080.5,87851,-164.91
1546,5000,-1161.68,54,-1187.41,87905,-1654.63
1547,5000,-812.74,37,-1010.19,87942,-929.1
1548,5000,-1873.75,56,-1074.3,87998,-1596.25
1549,5000,-1969.43,49,-1101.21,88047,-1581.24
1550,5000,-1929.21,47,-1167.7,88094,-1833.83
1551,5000,-2306.39,66,-1394.63,88160,-1127.74
1552,5000,-641.61,36,-1446.8,88196,-430.37
1553,5000,-1168.08,40,-1273.43,88236,-895.79
1554,5000,-69.89,49,-1253.91,88285,-182.3
1555,5000,-2853.42,71,-1478.62,88356,-1774.8
1556,5000,-105.2,32,-1372.97,88388,-659.77
1557,5000,-97.87,31,-1301.49,88419,-754.1
1558,5000,-99.07,38,-1124.02,88457,-104.72
1559,5000,-771.04,32,-1004.18,88489,-610.7
1560,5000,-135.44,36,-824.8,88525,-546.57
1561,5000,-1205.78,46,-714.74,88571,-1340.5
1562,5000,-744.55,55,-725.04,88626,-545.49
1563,5000,-1501.76,68,-758.4,88694,-925.08
1564,5000,-247.52,35,-776.17,88729,-789.88
1565,5000,-881.37,47,-578.96,88776,-952.15
1566,5000,-2300.04,59,-798.45,88835,-956.53
1567,5000,-1456.76,55,-934.33,88890,-1212.04
1568,5000,-2039.41,59,-1128.37,88949,-351.23
1569,5000,-522.52,44,-1103.52,88993,-1658
1570,5000,-2351.84,62,-1325.16,89055,-762.68
1571,5000,-1934.36,73,-1398.01,89128,-1777.05
1572,5000,-1513.07,48,-1474.87,89176,-1246.02
1573,5000,-46.94,28,-1329.38,89204,-60.62
1574,5000,-74.96,31,-1312.13,89235,-52.11
1575,5000,-1772.53,58,-1401.24,89293,-1657.86
1576,5000,-542.38,38,-1225.48,89331,-657.48
1577,5000,-2085.37,62,-1288.34,89393,-1125.92
1578,5000,-599.05,48,-1144.3,89441,-387
1579,5000,-2307.45,65,-1322.8,89506,-1129.16
1580,5000,-2560.29,62,-1343.64,89568,-1398.59
1581,5000,-1950.71,56,-1345.28,89624,-565.1
1582,5000,-2332.2,65,-1427.19,89689,-1209.25
1583,5000,-236.64,85,-1446.16,89774,-164.19
1584,5000,-1445.09,39,-1583.17,89813,-860.13
1585,5000,-165.88,37,-1422.51,89850,-724.87
1586,5000,-387.43,35,-1407.01,89885,-573.18
1587,5000,-2152.94,59,-1413.77,89944,-1031.19
1588,5000,-1940.68,55,-1547.93,89999,-624.83
1589,5000,-1690.42,56,-1486.23,90055,-1874.17
1590,5000,-972.76,65,-1327.47,90120,-1541.65
1591,5000,-1335.41,40,-1265.94,90160,-1318.29
1592,5000,-894.63,89,-1122.19,90249,-142.25
1593,5000,-2095.34,76,-1308.06,90325,-2098.96
1594,5000,-1408.55,68,-1304.4,90393,-114.71
1595,5000,-569.6,39,-1344.78,90432,-888.74
1596,5000,-1309.53,45,-1436.99,90477,-1196.34
1597,5000,-1981.35,59,-1419.83,90536,-870.97
1598,5000,-639.11,43,-1289.67,90579,-383.98
1599,5000,-989.93,42,-1219.62,90621,-1517.6
1600,5000,-977.49,57,-1220.1,90678,-535.29
1601,5000,-1921.78,79,-1278.73,90757,-1711.87
1602,5000,-960.01,43,-1285.27,90800,-1450.28
1603,5000,-2529.75,69,-1328.71,90869,-586.39
1604,5000,-967.71,59,-1284.63,90928,-1592.95
1605,5000,-1648.35,55,-1392.5,90983,-1080.5
1606,5000,-1830.82,62,-1444.63,91045,-322.35
1607,5000,-1219.78,53,-1368.47,91098,-378.27
1608,5000,-727.42,30,-1377.3,91128,-532.87
1609,5000,-2005.1,55,-1478.82,91183,-1383.66
1610,5000,-725.05,40,-1453.58,91223,-584.27
1611,5000,-120.26,77,-1273.43,91300,-142.35
1612,5000,-2568.28,65,-1434.25,91365,-1840.55
1613,5000,-2143.12,81,-1395.59,91446,-872.89
1614,5000,-2400.23,62,-1538.84,91508,-1098.17
1615,5000,-1307.56,46,-1504.76,91554,-957.03
1616,5000,-287.52,43,-1350.43,91597,-1732.53
1617,5000,-68.12,41,-1235.27,91638,-560.15
1618,5000,-820.95,38,-1244.62,91676,-1083.28
1619,5000,-182.09,44,-1062.32,91720,-1455.02
1620,5000,-819.07,36,-1071.72,91756,-703.62
1621,5000,-882.1,87,-1147.9,91843,-65.22
1622,5000,-252.24,86,-916.3,91929,-119.35
1623,5000,-102.22,38,-712.21,91967,-173.78
1624,5000,-403.4,34,-512.53,92001,-299.31
1625,5000,-780.45,58,-459.82,92059,-874.36
1626,5000,-343.25,34,-465.39,92093,-589.29
1627,5000,-45.82,25,-463.16,92118,-91.82
1628,5000,-1813.61,43,-562.43,92161,-2085.69
1629,5000,-96.66,48,-553.88,92209,-46.43
1630,5000,-902.84,32,-562.26,92241,-695.26
1631,5000,-467.13,42,-520.76,92283,-183.86
1632,5000,-534.24,50,-548.96,92333,-1074.51
1633,5000,-1059.17,45,-644.66,92378,-1175.22
1634,5000,-1817.59,65,-786.08,92443,-946.38
1635,5000,-2624.05,70,-970.44,92513,-833.45
1636,5000,-705.38,41,-1006.65,92554,-672.85
1637,5000,-126.1,34,-1014.68,92588,-1496.63
1638,5000,-2494.85,67,-1082.8,92655,-1979.23
1639,5000,-654.29,36,-1138.57,92691,-691.75
1640,5000,-267.99,53,-1075.08,92744,-373.93
1641,5000,-166.85,42,-1045.05,92786,-336.58
1642,5000,-929.22,51,-1084.55,92837,-1886.52
1643,5000,-193.45,36,-997.98,92873,-317.91
1644,5000,-2449.09,53,-1061.13,92926,-925.72
1645,5000,-2267.68,57,-1025.49,92983,-601.57
1646,5000,-73.26,31,-962.28,93014,-224.89
1647,5000,-1037.12,47,-1053.38,93061,-150.59
1648,5000,-782.44,41,-882.14,93102,-250.77
1649,5000,-1612.43,48,-977.95,93150,-1963.79
1650,5000,-824.76,36,-1033.63,93186,-1139.31
1651,5000,-1159.48,48,-1132.89,93234,-325.2
1652,5000,-2657.34,71,-1305.71,93305,-417.53
1653,5000,-387.11,45,-1325.07,93350,-118.12
1654,5000,-2475.92,66,-1327.75,93416,-962.5
1655,5000,-1783.76,49,-1279.36,93465,-1461.39
1656,5000,-287.71,38,-1300.81,93503,-1482.32
1657,5000,-440.66,36,-1241.16,93539,-416.85
1658,5000,-2892.14,67,-1452.13,93606,-2149.79
1659,5000,-575.98,46,-1348.49,93652,-346.27
1660,5000,-1045.59,46,-1370.57,93698,-466.47
1661,5000,-207.97,35,-1275.42,93733,-1262.63
1662,5000,-1454.57,68,-1155.14,93801,-69.61
1663,5000,-994.91,47,-1215.92,93848,-557.4
1664,5000,-1744.85,66,-1142.82,93914,-1819.73
1665,5000,-795.45,40,-1043.98,93954,-556.1
1666,5000,-55.83,25,-1020.8,93979,-197.42
1667,5000,-1045.24,41,-1081.25,94020,-524.92
1668,5000,-341.5,37,-826.19,94057,-683.09
1669,5000,-206.6,33,-789.25,94090,-589.52
1670,5000,-804.63,39,-765.16,94129,-1014.43
1671,5000,-583.21,39,-802.68,94168,-311.21
1672,5000,-831.62,40,-740.39,94208,-504.05
1673,5000,-133.12,37,-654.21,94245,-1383.29
1674,5000,-2501.83,60,-729.9,94305,-1930.88
1675,5000,-1874.17,53,-837.78,94358,-580.81
1676,5000,-80.97,32,-840.29,94390,-661.82
1677,5000,-1106.83,40,-846.45,94430,-788.23
1678,5000,-148.51,34,-827.15,94464,-394.79
1679,5000,-154.38,33,-821.93,94497,-411.17
1680,5000,-134.19,32,-754.88,94529,-1062.41
1681,5000,-1695.56,122,-866.12,94651,-50.84
1682,5000,-523.57,32,-835.31,94683,-311.69
1683,5000,-653.79,33,-887.38,94716,-517.67
1684,5000,-235.35,48,-660.73,94764,-102.51
1685,5000,-1263.69,53,-599.68,94817,-1965.51
1686,5000,-1151.01,43,-706.69,94860,-1396.62
1687,5000,-1374.32,62,-733.44,94922,-572.62
1688,5000,-817.44,38,-800.33,94960,-1042.41
1689,5000,-1975.82,58,-982.47,95018,-1919.37
1690,5000,-1158.8,36,-1084.93,95054,-775.56
1691,5000,-1634.91,67,-1078.87,95121,-1610.2
1692,5000,-114.92,36,-1038,95157,-851.58
1693,5000,-1595.37,65,-1132.16,95222,-1937.43
1694,5000,-155.33,37,-1124.16,95259,-164.1
1695,5000,-72.65,30,-1005.06,95289,-1061.33
1696,5000,-150.93,36,-905.05,95325,-1046.56
1697,5000,-2570.2,66,-1024.64,95391,-1014.53
1698,5000,-281.56,39,-971.05,95430,-313.28
1699,5000,-949.92,45,-868.46,95475,-214.07
1700,5000,-136.65,42,-766.24,95517,-139.44
1701,5000,-1281.49,36,-730.9,95553,-1013.54
1702,5000,-1831.29,45,-902.54,95598,-1055.18
1703,5000,-856.32,51,-828.63,95649,-221.3
1704,5000,-950.15,56,-908.12,95705,-145.72
1705,5000,-173.03,62,-918.15,95767,-215.22
1706,5000,-94.88,31,-912.55,95798,-636.42
1707,5000,-1995.1,59,-855.04,95857,-605.95
1708,5000,-154.78,48,-842.36,95905,-342.28
1709,5000,-135.18,83,-760.89,95988,-173.84
1710,5000,-1274.3,45,-874.65,96033,-837.91
1711,5000,-135.7,29,-760.07,96062,-490.11
1712,5000,-2405.68,59,-817.51,96121,-834.9
1713,5000,-953.5,32,-827.23,96153,-554.08
1714,5000,-309.4,44,-763.15,96197,-113.75
1715,5000,-946.01,58,-840.45,96255,-117.95
1716,5000,-594.98,34,-890.46,96289,-561.31
1717,5000,-611.5,34,-752.1,96323,-785
1718,5000,-214.53,30,-758.08,96353,-75.8
1719,5000,-1283.13,66,-872.87,96419,-116.4
1720,5000,-1074.64,44,-852.91,96463,-404.12
1721,5000,-695.21,53,-908.86,96516,-1476.84
1722,5000,-1343.28,37,-802.62,96553,-1065.3
1723,5000,-1038.73,39,-811.14,96592,-1205.25
1724,5000,-894.55,42,-869.66,96634,-229.16
1725,5000,-2517.91,75,-1026.85,96709,-1817.06
1726,5000,-2341.82,63,-1201.53,96772,-897.47
1727,5000,-2105.17,63,-1350.9,96835,-1305.41
1728,5000,-1148.76,78,-1444.32,96913,-42.19
1729,5000,-2232.56,57,-1539.26,96970,-1098.28
1730,5000,-722.31,36,-1504.03,97006,-648.06
1731,5000,-58.09,73,-1440.32,97079,-77.32
1732,5000,-2126.2,57,-1518.61,97136,-1403.59
1733,5000,-1096.18,47,-1524.35,97183,-1469.18
1734,5000,-517.15,66,-1486.61,97249,-58.22
1735,5000,-2811.22,69,-1515.95,97318,-1185.03
1736,5000,-2265.77,53,-1508.34,97371,-1167.51
1737,5000,-464.06,40,-1344.23,97411,-337.4
1738,5000,-465.09,38,-1275.86,97449,-252.68
1739,5000,-141.64,23,-1066.77,97472,-270.24
1740,5000,-300.23,68,-1024.56,97540,-86.23
1741,5000,-1440.72,48,-1162.83,97588,-1147.46
1742,5000,-150.36,31,-965.24,97619,-510.82
1743,5000,-1668.65,67,-1022.49,97686,-1932.91
1744,5000,-725.83,51,-1043.36,97737,-1830.5
1745,5000,-806.3,41,-842.87,97778,-1409.65
1746,5000,-283.64,35,-644.65,97813,-348.35
1747,5000,-1785.26,57,-776.77,97870,-1686.28
1748,5000,-1022.57,33,-832.52,97903,-617.49
1749,5000,-573.31,34,-875.69,97937,-628.4
1750,5000,-254.18,61,-871.08,97998,-174.95
1751,5000,-215.03,55,-748.51,98053,-155.22
1752,5000,-228.54,51,-756.33,98104,-406.6
1753,5000,-2608.04,63,-850.27,98167,-1608.82
1754,5000,-2278.45,56,-1005.53,98223,-842.59
1755,5000,-1946.7,52,-1119.57,98275,-1124.04
1756,5000,-355.48,45,-1126.76,98320,-115.27
1757,5000,-282.28,25,-976.46,98345,-138.38
1758,5000,-1496.46,60,-1023.85,98405,-159.74
1759,5000,-1163.54,72,-1082.87,98477,-72.88
1760,5000,-304.73,30,-1087.92,98507,-168.51
1761,5000,-65,93,-1072.92,98600,-117.76
1762,5000,-1661.6,55,-1216.23,98655,-1836.39
1763,5000,-290.42,31,-984.47,98686,-975
1764,5000,-467.97,36,-803.42,98722,-892.18
1765,5000,-1777.51,59,-786.5,98781,-337.32
1766,5000,-940.86,53,-845.04,98834,-986.69
1767,5000,-1787.25,52,-995.53,98886,-2066
1768,5000,-1318.98,60,-977.79,98946,-234.61
1769,5000,-104.65,31,-871.9,98977,-932.11
1770,5000,-1195.87,58,-961.01,99035,-312.03
1771,5000,-174.36,33,-971.95,99068,-582.98
1772,5000,-2392.12,54,-1045,99122,-1512.69
1773,5000,-124.99,29,-1028.46,99151,-1363.21
1774,5000,-1595.13,50,-1141.17,99201,-603.37
1775,5000,-2180.3,58,-1181.45,99259,-1577.93
1776,5000,-212.02,41,-1108.57,99300,-398.68
1777,5000,-625.55,32,-992.4,99332,-490.88
1778,5000,-113.44,49,-871.84,99381,-93.63
1779,5000,-986.3,43,-960.01,99424,-1306.5
1780,5000,-2037.73,54,-1044.19,99478,-634.41
1781,5000,-1335.11,53,-1160.27,99531,-950.2
1782,5000,-483.66,34,-969.42,99565,-717.2
1783,5000,-2232.05,58,-1180.13,99623,-716.04
1784,5000,-1116.89,110,-1132.31,99733,-123.32
1785,5000,-1046.49,43,-1018.92,99776,-1190.71
1786,5000,-127.68,36,-1010.49,99812,-1419.25
1787,5000,-148.35,33,-962.77,99845,-858.38
1788,5000,-724.07,55,-1023.83,99900,-119.05
1789,5000,-680.82,56,-993.28,99956,-603.27
1790,5000,-934.99,40,-883.01,99996,-1379.14
1791,5000,-941.9,32,-843.69,100028,-744.69
1792,5000,-1784.32,58,-973.76,100086,-1602.23
1793,5000,-222.95,38,-772.85,100124,-1495.85
1794,5000,-166.55,36,-677.81,100160,-548.16
1795,5000,-549.54,43,-628.12,100203,-391.51
1796,5000,-160.04,36,-631.35,100239,-1374.54
1797,5000,-760.92,51,-692.61,100290,-1029.24
1798,5000,-1645.76,53,-784.78,100343,-411.53
1799,5000,-781.66,46,-794.86,100389,-558.12
1800,5000,-1938.71,47,-895.23,100436,-1432.41
1801,5000,-1070.6,37,-908.1,100473,-895.34
1802,5000,-459.84,38,-775.66,100511,-228.31
1803,5000,-2047.04,65,-958.07,100576,-102.09
1804,5000,-2124.63,73,-1153.87,100649,-325.6
1805,5000,-173.55,34,-1116.27,100683,-640.4
1806,5000,-2571.32,56,-1357.4,100739,-1214.59
1807,5000,-1687.13,48,-1450.02,100787,-1406.13
1808,5000,-2129.07,55,-1498.35,100842,-629.05
1809,5000,-2261.99,60,-1646.39,100902,-584.82
1810,5000,-110.02,82,-1463.52,100984,-48.25
1811,5000,-224.01,98,-1378.86,101082,-60.49
1812,5000,-1340,60,-1466.87,101142,-1137.11
1813,5000,-670.85,49,-1329.26,101191,-1095.64
1814,5000,-514.73,35,-1168.27,101226,-743.25
1815,5000,-473.45,51,-1198.26,101277,-1087.09
1816,5000,-180.21,39,-959.15,101316,-1035.41
1817,5000,-99.45,72,-800.38,101388,-162.99
1818,5000,-1274.93,56,-714.96,101444,-1923.5
1819,5000,-215.72,29,-510.34,101473,-122.92
1820,5000,-966.39,36,-595.97,101509,-795.75
1821,5000,-388.99,46,-612.47,101555,-1757.79
1822,5000,-2121.58,51,-690.63,101606,-2092.05
1823,5000,-2095.72,57,-833.12,101663,-570.79
1824,5000,-1424.32,52,-924.08,101715,-948.68
1825,5000,-331.95,39,-909.93,101754,-194.24
1826,5000,-2068.47,70,-1098.75,101824,-1557.07
1827,5000,-193.97,75,-1108.2,101899,-96.89
1828,5000,-643.81,36,-1045.09,101935,-889.04
1829,5000,-523.43,53,-1075.86,101988,-807.66
1830,5000,-1295.04,47,-1108.73,102035,-1549.34
1831,5000,-2084.64,64,-1278.29,102099,-1971.39
1832,5000,-540.35,43,-1120.17,102142,-1406.81
1833,5000,-2058.31,65,-1116.43,102207,-715.15
1834,5000,-2623.74,67,-1236.37,102274,-1531.69
1835,5000,-512.28,41,-1254.41,102315,-1448.97
1836,5000,-203.78,33,-1067.94,102348,-336.81
1837,5000,-248.67,38,-1073.41,102386,-1477.26
